body_0_w,body_0_x,body_0_y,body_0_z,body_1_w,body_1_x,body_1_y,body_1_z,body_2_w,body_2_x,body_2_y,body_2_z,body_3_w,body_3_x,body_3_y,body_3_z,body_4_w,body_4_x,body_4_y,body_4_z,body_5_w,body_5_x,body_5_y,body_5_z,body_6_w,body_6_x,body_6_y,body_6_z,body_7_w,body_7_x,body_7_y,body_7_z,body_8_w,body_8_x,body_8_y,body_8_z,body_9_w,body_9_x,body_9_y,body_9_z,body_10_w,body_10_x,body_10_y,body_10_z,body_11_w,body_11_x,body_11_y,body_11_z,body_12_w,body_12_x,body_12_y,body_12_z,body_13_w,body_13_x,body_13_y,body_13_z
0.289359,-0.014032,0.002131,-0.957115,1.000000,0.000000,0.000000,0.000000,1.000000,0.000000,0.000000,0.000000,1.000000,0.000000,0.000000,0.000000,1.000000,0.000000,0.000000,0.000000,1.000000,0.000000,0.000000,0.000000,1.000000,0.000000,0.000000,0.000000,1.000000,0.000000,0.000000,0.000000,1.000000,0.000000,0.000000,0.000000,1.000000,0.000000,0.000000,0.000000,1.000000,0.000000,0.000000,0.000000,1.000000,0.000000,0.000000,0.000000,1.000000,0.000000,0.000000,0.000000,1.000000,0.000000,0.000000,0.000000
0.293667,-0.017770,-0.002962,-0.955738,1.000000,0.000000,0.000000,0.000000,1.000000,0.000000,0.000000,0.000000,1.000000,0.000000,0.000000,0.000000,1.000000,0.000000,0.000000,0.000000,1.000000,0.000000,0.000000,0.000000,1.000000,0.000000,0.000000,0.000000,1.000000,0.000000,0.000000,0.000000,1.000000,0.000000,0.000000,0.000000,1.000000,0.000000,0.000000,0.000000,1.000000,0.000000,0.000000,0.000000,1.000000,0.000000,0.000000,0.000000,1.000000,0.000000,0.000000,0.000000,1.000000,0.000000,0.000000,0.000000
0.290709,-0.021497,-0.007382,-0.956541,1.000000,0.000000,0.000000,0.000000,1.000000,0.000000,0.000000,0.000000,1.000000,0.000000,0.000000,0.000000,1.000000,0.000000,0.000000,0.000000,1.000000,0.000000,0.000000,0.000000,1.000000,0.000000,0.000000,0.000000,1.000000,0.000000,0.000000,0.000000,1.000000,0.000000,0.000000,0.000000,1.000000,0.000000,0.000000,0.000000,1.000000,0.000000,0.000000,0.000000,1.000000,0.000000,0.000000,0.000000,1.000000,0.000000,0.000000,0.000000,1.000000,0.000000,0.000000,0.000000
0.282915,-0.025137,-0.011075,-0.958752,1.000000,0.000000,0.000000,0.000000,1.000000,0.000000,0.000000,0.000000,1.000000,0.000000,0.000000,0.000000,1.000000,0.000000,0.000000,0.000000,1.000000,0.000000,0.000000,0.000000,1.000000,0.000000,0.000000,0.000000,1.000000,0.000000,0.000000,0.000000,1.000000,0.000000,0.000000,0.000000,1.000000,0.000000,0.000000,0.000000,1.000000,0.000000,0.000000,0.000000,1.000000,0.000000,0.000000,0.000000,1.000000,0.000000,0.000000,0.000000,1.000000,0.000000,0.000000,0.000000
0.272706,-0.028554,-0.014027,-0.961571,1.000000,0.000000,0.000000,0.000000,1.000000,0.000000,0.000000,0.000000,1.000000,0.000000,0.000000,0.000000,1.000000,0.000000,0.000000,0.000000,1.000000,0.000000,0.000000,0.000000,1.000000,0.000000,0.000000,0.000000,1.000000,0.000000,0.000000,0.000000,1.000000,0.000000,0.000000,0.000000,1.000000,0.000000,0.000000,0.000000,1.000000,0.000000,0.000000,0.000000,1.000000,0.000000,0.000000,0.000000,1.000000,0.000000,0.000000,0.000000,1.000000,0.000000,0.000000,0.000000
0.263342,-0.031727,-0.016115,-0.964046,1.000000,0.000000,0.000000,0.000000,1.000000,0.000000,0.000000,0.000000,1.000000,0.000000,0.000000,0.000000,1.000000,0.000000,0.000000,0.000000,1.000000,0.000000,0.000000,0.000000,1.000000,0.000000,0.000000,0.000000,1.000000,0.000000,0.000000,0.000000,1.000000,0.000000,0.000000,0.000000,1.000000,0.000000,0.000000,0.000000,1.000000,0.000000,0.000000,0.000000,1.000000,0.000000,0.000000,0.000000,1.000000,0.000000,0.000000,0.000000,1.000000,0.000000,0.000000,0.000000
0.257653,-0.033517,-0.018057,-0.965487,1.000000,0.000000,0.000000,0.000000,1.000000,0.000000,0.000000,0.000000,1.000000,0.000000,0.000000,0.000000,1.000000,0.000000,0.000000,0.000000,1.000000,0.000000,0.000000,0.000000,1.000000,0.000000,0.000000,0.000000,1.000000,0.000000,0.000000,0.000000,1.000000,0.000000,0.000000,0.000000,1.000000,0.000000,0.000000,0.000000,1.000000,0.000000,0.000000,0.000000,1.000000,0.000000,0.000000,0.000000,1.000000,0.000000,0.000000,0.000000,1.000000,0.000000,0.000000,0.000000
0.255355,-0.034955,-0.018843,-0.966031,1.000000,0.000000,0.000000,0.000000,1.000000,0.000000,0.000000,0.000000,1.000000,0.000000,0.000000,0.000000,1.000000,0.000000,0.000000,0.000000,1.000000,0.000000,0.000000,0.000000,1.000000,0.000000,0.000000,0.000000,1.000000,0.000000,0.000000,0.000000,1.000000,0.000000,0.000000,0.000000,1.000000,0.000000,0.000000,0.000000,1.000000,0.000000,0.000000,0.000000,1.000000,0.000000,0.000000,0.000000,1.000000,0.000000,0.000000,0.000000,1.000000,0.000000,0.000000,0.000000
0.252862,-0.036448,-0.018936,-0.966630,1.000000,0.000000,0.000000,0.000000,1.000000,0.000000,0.000000,0.000000,1.000000,0.000000,0.000000,0.000000,1.000000,0.000000,0.000000,0.000000,1.000000,0.000000,0.000000,0.000000,1.000000,0.000000,0.000000,0.000000,1.000000,0.000000,0.000000,0.000000,1.000000,0.000000,0.000000,0.000000,1.000000,0.000000,0.000000,0.000000,1.000000,0.000000,0.000000,0.000000,1.000000,0.000000,0.000000,0.000000,1.000000,0.000000,0.000000,0.000000,1.000000,0.000000,0.000000,0.000000
0.250547,-0.037958,-0.017826,-0.967196,1.000000,0.000000,0.000000,0.000000,1.000000,0.000000,0.000000,0.000000,1.000000,0.000000,0.000000,0.000000,1.000000,0.000000,0.000000,0.000000,1.000000,0.000000,0.000000,0.000000,1.000000,0.000000,0.000000,0.000000,1.000000,0.000000,0.000000,0.000000,1.000000,0.000000,0.000000,0.000000,1.000000,0.000000,0.000000,0.000000,1.000000,0.000000,0.000000,0.000000,1.000000,0.000000,0.000000,0.000000,1.000000,0.000000,0.000000,0.000000,1.000000,0.000000,0.000000,0.000000
0.248651,-0.039237,-0.016084,-0.967664,1.000000,0.000000,0.000000,0.000000,1.000000,0.000000,0.000000,0.000000,1.000000,0.000000,0.000000,0.000000,1.000000,0.000000,0.000000,0.000000,1.000000,0.000000,0.000000,0.000000,1.000000,0.000000,0.000000,0.000000,1.000000,0.000000,0.000000,0.000000,1.000000,0.000000,0.000000,0.000000,1.000000,0.000000,0.000000,0.000000,1.000000,0.000000,0.000000,0.000000,1.000000,0.000000,0.000000,0.000000,1.000000,0.000000,0.000000,0.000000,1.000000,0.000000,0.000000,0.000000
0.246955,-0.040908,-0.013902,-0.968063,1.000000,0.000000,0.000000,0.000000,1.000000,0.000000,0.000000,0.000000,1.000000,0.000000,0.000000,0.000000,1.000000,0.000000,0.000000,0.000000,1.000000,0.000000,0.000000,0.000000,1.000000,0.000000,0.000000,0.000000,1.000000,0.000000,0.000000,0.000000,1.000000,0.000000,0.000000,0.000000,1.000000,0.000000,0.000000,0.000000,1.000000,0.000000,0.000000,0.000000,1.000000,0.000000,0.000000,0.000000,1.000000,0.000000,0.000000,0.000000,1.000000,0.000000,0.000000,0.000000
0.245414,-0.042498,-0.011666,-0.968416,1.000000,0.000000,0.000000,0.000000,1.000000,0.000000,0.000000,0.000000,1.000000,0.000000,0.000000,0.000000,1.000000,0.000000,0.000000,0.000000,1.000000,0.000000,0.000000,0.000000,1.000000,0.000000,0.000000,0.000000,1.000000,0.000000,0.000000,0.000000,1.000000,0.000000,0.000000,0.000000,1.000000,0.000000,0.000000,0.000000,1.000000,0.000000,0.000000,0.000000,1.000000,0.000000,0.000000,0.000000,1.000000,0.000000,0.000000,0.000000,1.000000,0.000000,0.000000,0.000000
0.245105,-0.044152,-0.009323,-0.968446,1.000000,0.000000,0.000000,0.000000,1.000000,0.000000,0.000000,0.000000,1.000000,0.000000,0.000000,0.000000,1.000000,0.000000,0.000000,0.000000,1.000000,0.000000,0.000000,0.000000,1.000000,0.000000,0.000000,0.000000,1.000000,0.000000,0.000000,0.000000,1.000000,0.000000,0.000000,0.000000,1.000000,0.000000,0.000000,0.000000,1.000000,0.000000,0.000000,0.000000,1.000000,0.000000,0.000000,0.000000,1.000000,0.000000,0.000000,0.000000,1.000000,0.000000,0.000000,0.000000
0.243494,-0.045388,-0.006956,-0.968815,1.000000,0.000000,0.000000,0.000000,1.000000,0.000000,0.000000,0.000000,1.000000,0.000000,0.000000,0.000000,1.000000,0.000000,0.000000,0.000000,1.000000,0.000000,0.000000,0.000000,1.000000,0.000000,0.000000,0.000000,1.000000,0.000000,0.000000,0.000000,1.000000,0.000000,0.000000,0.000000,1.000000,0.000000,0.000000,0.000000,1.000000,0.000000,0.000000,0.000000,1.000000,0.000000,0.000000,0.000000,1.000000,0.000000,0.000000,0.000000,1.000000,0.000000,0.000000,0.000000
0.241554,-0.046030,-0.004634,-0.969284,1.000000,0.000000,0.000000,0.000000,1.000000,0.000000,0.000000,0.000000,1.000000,0.000000,0.000000,0.000000,1.000000,0.000000,0.000000,0.000000,1.000000,0.000000,0.000000,0.000000,1.000000,0.000000,0.000000,0.000000,1.000000,0.000000,0.000000,0.000000,1.000000,0.000000,0.000000,0.000000,1.000000,0.000000,0.000000,0.000000,1.000000,0.000000,0.000000,0.000000,1.000000,0.000000,0.000000,0.000000,1.000000,0.000000,0.000000,0.000000,1.000000,0.000000,0.000000,0.000000
0.239303,-0.046067,-0.002167,-0.969849,1.000000,0.000000,0.000000,0.000000,1.000000,0.000000,0.000000,0.000000,1.000000,0.000000,0.000000,0.000000,1.000000,0.000000,0.000000,0.000000,1.000000,0.000000,0.000000,0.000000,1.000000,0.000000,0.000000,0.000000,1.000000,0.000000,0.000000,0.000000,1.000000,0.000000,0.000000,0.000000,1.000000,0.000000,0.000000,0.000000,1.000000,0.000000,0.000000,0.000000,1.000000,0.000000,0.000000,0.000000,1.000000,0.000000,0.000000,0.000000,1.000000,0.000000,0.000000,0.000000
0.238113,-0.045108,0.001015,-0.970189,1.000000,0.000000,0.000000,0.000000,1.000000,0.000000,0.000000,0.000000,1.000000,0.000000,0.000000,0.000000,1.000000,0.000000,0.000000,0.000000,1.000000,0.000000,0.000000,0.000000,1.000000,0.000000,0.000000,0.000000,1.000000,0.000000,0.000000,0.000000,1.000000,0.000000,0.000000,0.000000,1.000000,0.000000,0.000000,0.000000,1.000000,0.000000,0.000000,0.000000,1.000000,0.000000,0.000000,0.000000,1.000000,0.000000,0.000000,0.000000,1.000000,0.000000,0.000000,0.000000
0.236196,-0.042831,0.004748,-0.970749,1.000000,0.000000,0.000000,0.000000,1.000000,0.000000,0.000000,0.000000,1.000000,0.000000,0.000000,0.000000,1.000000,0.000000,0.000000,0.000000,1.000000,0.000000,0.000000,0.000000,1.000000,0.000000,0.000000,0.000000,1.000000,0.000000,0.000000,0.000000,1.000000,0.000000,0.000000,0.000000,1.000000,0.000000,0.000000,0.000000,1.000000,0.000000,0.000000,0.000000,1.000000,0.000000,0.000000,0.000000,1.000000,0.000000,0.000000,0.000000,1.000000,0.000000,0.000000,0.000000
0.234590,-0.040087,0.009171,-0.971224,1.000000,0.000000,0.000000,0.000000,1.000000,0.000000,0.000000,0.000000,1.000000,0.000000,0.000000,0.000000,1.000000,0.000000,0.000000,0.000000,1.000000,0.000000,0.000000,0.000000,1.000000,0.000000,0.000000,0.000000,1.000000,0.000000,0.000000,0.000000,1.000000,0.000000,0.000000,0.000000,1.000000,0.000000,0.000000,0.000000,1.000000,0.000000,0.000000,0.000000,1.000000,0.000000,0.000000,0.000000,1.000000,0.000000,0.000000,0.000000,1.000000,0.000000,0.000000,0.000000
0.232616,-0.036686,0.013508,-0.971783,1.000000,0.000000,0.000000,0.000000,1.000000,0.000000,0.000000,0.000000,1.000000,0.000000,0.000000,0.000000,1.000000,0.000000,0.000000,0.000000,1.000000,0.000000,0.000000,0.000000,1.000000,0.000000,0.000000,0.000000,1.000000,0.000000,0.000000,0.000000,1.000000,0.000000,0.000000,0.000000,1.000000,0.000000,0.000000,0.000000,1.000000,0.000000,0.000000,0.000000,1.000000,0.000000,0.000000,0.000000,1.000000,0.000000,0.000000,0.000000,1.000000,0.000000,0.000000,0.000000
0.233751,-0.032936,0.017616,-0.971579,1.000000,0.000000,0.000000,0.000000,1.000000,0.000000,0.000000,0.000000,1.000000,0.000000,0.000000,0.000000,1.000000,0.000000,0.000000,0.000000,1.000000,0.000000,0.000000,0.000000,1.000000,0.000000,0.000000,0.000000,1.000000,0.000000,0.000000,0.000000,1.000000,0.000000,0.000000,0.000000,1.000000,0.000000,0.000000,0.000000,1.000000,0.000000,0.000000,0.000000,1.000000,0.000000,0.000000,0.000000,1.000000,0.000000,0.000000,0.000000,1.000000,0.000000,0.000000,0.000000
0.234337,-0.029148,0.020253,-0.971507,1.000000,0.000000,0.000000,0.000000,1.000000,0.000000,0.000000,0.000000,1.000000,0.000000,0.000000,0.000000,1.000000,0.000000,0.000000,0.000000,1.000000,0.000000,0.000000,0.000000,1.000000,0.000000,0.000000,0.000000,1.000000,0.000000,0.000000,0.000000,1.000000,0.000000,0.000000,0.000000,1.000000,0.000000,0.000000,0.000000,1.000000,0.000000,0.000000,0.000000,1.000000,0.000000,0.000000,0.000000,1.000000,0.000000,0.000000,0.000000,1.000000,0.000000,0.000000,0.000000
0.234512,-0.025599,0.021726,-0.971533,1.000000,0.000000,0.000000,0.000000,1.000000,0.000000,0.000000,0.000000,1.000000,0.000000,0.000000,0.000000,1.000000,0.000000,0.000000,0.000000,1.000000,0.000000,0.000000,0.000000,1.000000,0.000000,0.000000,0.000000,1.000000,0.000000,0.000000,0.000000,1.000000,0.000000,0.000000,0.000000,1.000000,0.000000,0.000000,0.000000,1.000000,0.000000,0.000000,0.000000,1.000000,0.000000,0.000000,0.000000,1.000000,0.000000,0.000000,0.000000,1.000000,0.000000,0.000000,0.000000
0.236865,-0.021785,0.021999,-0.971049,1.000000,0.000000,0.000000,0.000000,1.000000,0.000000,0.000000,0.000000,1.000000,0.000000,0.000000,0.000000,1.000000,0.000000,0.000000,0.000000,1.000000,0.000000,0.000000,0.000000,1.000000,0.000000,0.000000,0.000000,1.000000,0.000000,0.000000,0.000000,1.000000,0.000000,0.000000,0.000000,1.000000,0.000000,0.000000,0.000000,1.000000,0.000000,0.000000,0.000000,1.000000,0.000000,0.000000,0.000000,1.000000,0.000000,0.000000,0.000000,1.000000,0.000000,0.000000,0.000000
0.241272,-0.017747,0.020898,-0.970070,1.000000,0.000000,0.000000,0.000000,1.000000,0.000000,0.000000,0.000000,1.000000,0.000000,0.000000,0.000000,1.000000,0.000000,0.000000,0.000000,1.000000,0.000000,0.000000,0.000000,1.000000,0.000000,0.000000,0.000000,1.000000,0.000000,0.000000,0.000000,1.000000,0.000000,0.000000,0.000000,1.000000,0.000000,0.000000,0.000000,1.000000,0.000000,0.000000,0.000000,1.000000,0.000000,0.000000,0.000000,1.000000,0.000000,0.000000,0.000000,1.000000,0.000000,0.000000,0.000000
0.246288,-0.014303,0.019314,-0.968899,1.000000,0.000000,0.000000,0.000000,1.000000,0.000000,0.000000,0.000000,1.000000,0.000000,0.000000,0.000000,1.000000,0.000000,0.000000,0.000000,1.000000,0.000000,0.000000,0.000000,1.000000,0.000000,0.000000,0.000000,1.000000,0.000000,0.000000,0.000000,1.000000,0.000000,0.000000,0.000000,1.000000,0.000000,0.000000,0.000000,1.000000,0.000000,0.000000,0.000000,1.000000,0.000000,0.000000,0.000000,1.000000,0.000000,0.000000,0.000000,1.000000,0.000000,0.000000,0.000000
0.252338,-0.013242,0.019177,-0.967359,1.000000,0.000000,0.000000,0.000000,1.000000,0.000000,0.000000,0.000000,1.000000,0.000000,0.000000,0.000000,1.000000,0.000000,0.000000,0.000000,1.000000,0.000000,0.000000,0.000000,1.000000,0.000000,0.000000,0.000000,1.000000,0.000000,0.000000,0.000000,1.000000,0.000000,0.000000,0.000000,1.000000,0.000000,0.000000,0.000000,1.000000,0.000000,0.000000,0.000000,1.000000,0.000000,0.000000,0.000000,1.000000,0.000000,0.000000,0.000000,1.000000,0.000000,0.000000,0.000000
0.258544,-0.013538,0.019475,-0.965708,1.000000,0.000000,0.000000,0.000000,1.000000,0.000000,0.000000,0.000000,1.000000,0.000000,0.000000,0.000000,1.000000,0.000000,0.000000,0.000000,1.000000,0.000000,0.000000,0.000000,1.000000,0.000000,0.000000,0.000000,1.000000,0.000000,0.000000,0.000000,1.000000,0.000000,0.000000,0.000000,1.000000,0.000000,0.000000,0.000000,1.000000,0.000000,0.000000,0.000000,1.000000,0.000000,0.000000,0.000000,1.000000,0.000000,0.000000,0.000000,1.000000,0.000000,0.000000,0.000000
0.268948,-0.014253,0.020269,-0.962836,1.000000,0.000000,0.000000,0.000000,1.000000,0.000000,0.000000,0.000000,1.000000,0.000000,0.000000,0.000000,1.000000,0.000000,0.000000,0.000000,1.000000,0.000000,0.000000,0.000000,1.000000,0.000000,0.000000,0.000000,1.000000,0.000000,0.000000,0.000000,1.000000,0.000000,0.000000,0.000000,1.000000,0.000000,0.000000,0.000000,1.000000,0.000000,0.000000,0.000000,1.000000,0.000000,0.000000,0.000000,1.000000,0.000000,0.000000,0.000000,1.000000,0.000000,0.000000,0.000000
0.277476,-0.016895,0.021648,-0.960340,1.000000,0.000000,0.000000,0.000000,1.000000,0.000000,0.000000,0.000000,1.000000,0.000000,0.000000,0.000000,1.000000,0.000000,0.000000,0.000000,1.000000,0.000000,0.000000,0.000000,1.000000,0.000000,0.000000,0.000000,1.000000,0.000000,0.000000,0.000000,1.000000,0.000000,0.000000,0.000000,1.000000,0.000000,0.000000,0.000000,1.000000,0.000000,0.000000,0.000000,1.000000,0.000000,0.000000,0.000000,1.000000,0.000000,0.000000,0.000000,1.000000,0.000000,0.000000,0.000000
0.285125,-0.020246,0.023267,-0.957994,1.000000,0.000000,0.000000,0.000000,1.000000,0.000000,0.000000,0.000000,1.000000,0.000000,0.000000,0.000000,1.000000,0.000000,0.000000,0.000000,1.000000,0.000000,0.000000,0.000000,1.000000,0.000000,0.000000,0.000000,1.000000,0.000000,0.000000,0.000000,1.000000,0.000000,0.000000,0.000000,1.000000,0.000000,0.000000,0.000000,1.000000,0.000000,0.000000,0.000000,1.000000,0.000000,0.000000,0.000000,1.000000,0.000000,0.000000,0.000000,1.000000,0.000000,0.000000,0.000000
0.293925,-0.023482,0.024351,-0.955230,1.000000,0.000000,0.000000,0.000000,1.000000,0.000000,0.000000,0.000000,1.000000,0.000000,0.000000,0.000000,1.000000,0.000000,0.000000,0.000000,1.000000,0.000000,0.000000,0.000000,1.000000,0.000000,0.000000,0.000000,1.000000,0.000000,0.000000,0.000000,1.000000,0.000000,0.000000,0.000000,1.000000,0.000000,0.000000,0.000000,1.000000,0.000000,0.000000,0.000000,1.000000,0.000000,0.000000,0.000000,1.000000,0.000000,0.000000,0.000000,1.000000,0.000000,0.000000,0.000000
0.304720,-0.026053,0.024724,-0.951765,1.000000,0.000000,0.000000,0.000000,1.000000,0.000000,0.000000,0.000000,1.000000,0.000000,0.000000,0.000000,1.000000,0.000000,0.000000,0.000000,1.000000,0.000000,0.000000,0.000000,1.000000,0.000000,0.000000,0.000000,1.000000,0.000000,0.000000,0.000000,1.000000,0.000000,0.000000,0.000000,1.000000,0.000000,0.000000,0.000000,1.000000,0.000000,0.000000,0.000000,1.000000,0.000000,0.000000,0.000000,1.000000,0.000000,0.000000,0.000000,1.000000,0.000000,0.000000,0.000000
0.313802,-0.027439,0.023414,-0.948803,1.000000,0.000000,0.000000,0.000000,1.000000,0.000000,0.000000,0.000000,1.000000,0.000000,0.000000,0.000000,1.000000,0.000000,0.000000,0.000000,1.000000,0.000000,0.000000,0.000000,1.000000,0.000000,0.000000,0.000000,1.000000,0.000000,0.000000,0.000000,1.000000,0.000000,0.000000,0.000000,1.000000,0.000000,0.000000,0.000000,1.000000,0.000000,0.000000,0.000000,1.000000,0.000000,0.000000,0.000000,1.000000,0.000000,0.000000,0.000000,1.000000,0.000000,0.000000,0.000000
0.319441,-0.029309,0.022894,-0.946876,1.000000,0.000000,0.000000,0.000000,1.000000,0.000000,0.000000,0.000000,1.000000,0.000000,0.000000,0.000000,1.000000,0.000000,0.000000,0.000000,1.000000,0.000000,0.000000,0.000000,1.000000,0.000000,0.000000,0.000000,1.000000,0.000000,0.000000,0.000000,1.000000,0.000000,0.000000,0.000000,1.000000,0.000000,0.000000,0.000000,1.000000,0.000000,0.000000,0.000000,1.000000,0.000000,0.000000,0.000000,1.000000,0.000000,0.000000,0.000000,1.000000,0.000000,0.000000,0.000000
0.323071,-0.030220,0.022648,-0.945621,1.000000,0.000000,0.000000,0.000000,1.000000,0.000000,0.000000,0.000000,1.000000,0.000000,0.000000,0.000000,1.000000,0.000000,0.000000,0.000000,1.000000,0.000000,0.000000,0.000000,1.000000,0.000000,0.000000,0.000000,1.000000,0.000000,0.000000,0.000000,1.000000,0.000000,0.000000,0.000000,1.000000,0.000000,0.000000,0.000000,1.000000,0.000000,0.000000,0.000000,1.000000,0.000000,0.000000,0.000000,1.000000,0.000000,0.000000,0.000000,1.000000,0.000000,0.000000,0.000000
0.326938,-0.030915,0.024052,-0.944234,1.000000,0.000000,0.000000,0.000000,1.000000,0.000000,0.000000,0.000000,1.000000,0.000000,0.000000,0.000000,1.000000,0.000000,0.000000,0.000000,1.000000,0.000000,0.000000,0.000000,1.000000,0.000000,0.000000,0.000000,1.000000,0.000000,0.000000,0.000000,1.000000,0.000000,0.000000,0.000000,1.000000,0.000000,0.000000,0.000000,1.000000,0.000000,0.000000,0.000000,1.000000,0.000000,0.000000,0.000000,1.000000,0.000000,0.000000,0.000000,1.000000,0.000000,0.000000,0.000000
0.328089,-0.032589,0.025565,-0.943738,1.000000,0.000000,0.000000,0.000000,1.000000,0.000000,0.000000,0.000000,1.000000,0.000000,0.000000,0.000000,1.000000,0.000000,0.000000,0.000000,1.000000,0.000000,0.000000,0.000000,1.000000,0.000000,0.000000,0.000000,1.000000,0.000000,0.000000,0.000000,1.000000,0.000000,0.000000,0.000000,1.000000,0.000000,0.000000,0.000000,1.000000,0.000000,0.000000,0.000000,1.000000,0.000000,0.000000,0.000000,1.000000,0.000000,0.000000,0.000000,1.000000,0.000000,0.000000,0.000000
0.331057,-0.033973,0.027973,-0.942584,1.000000,0.000000,0.000000,0.000000,1.000000,0.000000,0.000000,0.000000,1.000000,0.000000,0.000000,0.000000,1.000000,0.000000,0.000000,0.000000,1.000000,0.000000,0.000000,0.000000,1.000000,0.000000,0.000000,0.000000,1.000000,0.000000,0.000000,0.000000,1.000000,0.000000,0.000000,0.000000,1.000000,0.000000,0.000000,0.000000,1.000000,0.000000,0.000000,0.000000,1.000000,0.000000,0.000000,0.000000,1.000000,0.000000,0.000000,0.000000,1.000000,0.000000,0.000000,0.000000
0.335901,-0.035232,0.030403,-0.940747,1.000000,0.000000,0.000000,0.000000,1.000000,0.000000,0.000000,0.000000,1.000000,0.000000,0.000000,0.000000,1.000000,0.000000,0.000000,0.000000,1.000000,0.000000,0.000000,0.000000,1.000000,0.000000,0.000000,0.000000,1.000000,0.000000,0.000000,0.000000,1.000000,0.000000,0.000000,0.000000,1.000000,0.000000,0.000000,0.000000,1.000000,0.000000,0.000000,0.000000,1.000000,0.000000,0.000000,0.000000,1.000000,0.000000,0.000000,0.000000,1.000000,0.000000,0.000000,0.000000
0.343087,-0.035392,0.032492,-0.938074,1.000000,0.000000,0.000000,0.000000,1.000000,0.000000,0.000000,0.000000,1.000000,0.000000,0.000000,0.000000,1.000000,0.000000,0.000000,0.000000,1.000000,0.000000,0.000000,0.000000,1.000000,0.000000,0.000000,0.000000,1.000000,0.000000,0.000000,0.000000,1.000000,0.000000,0.000000,0.000000,1.000000,0.000000,0.000000,0.000000,1.000000,0.000000,0.000000,0.000000,1.000000,0.000000,0.000000,0.000000,1.000000,0.000000,0.000000,0.000000,1.000000,0.000000,0.000000,0.000000
0.349638,-0.033964,0.032493,-0.935705,1.000000,0.000000,0.000000,0.000000,1.000000,0.000000,0.000000,0.000000,1.000000,0.000000,0.000000,0.000000,1.000000,0.000000,0.000000,0.000000,1.000000,0.000000,0.000000,0.000000,1.000000,0.000000,0.000000,0.000000,1.000000,0.000000,0.000000,0.000000,1.000000,0.000000,0.000000,0.000000,1.000000,0.000000,0.000000,0.000000,1.000000,0.000000,0.000000,0.000000,1.000000,0.000000,0.000000,0.000000,1.000000,0.000000,0.000000,0.000000,1.000000,0.000000,0.000000,0.000000
0.355829,-0.032780,0.032280,-0.933418,1.000000,0.000000,0.000000,0.000000,1.000000,0.000000,0.000000,0.000000,1.000000,0.000000,0.000000,0.000000,1.000000,0.000000,0.000000,0.000000,1.000000,0.000000,0.000000,0.000000,1.000000,0.000000,0.000000,0.000000,1.000000,0.000000,0.000000,0.000000,1.000000,0.000000,0.000000,0.000000,1.000000,0.000000,0.000000,0.000000,1.000000,0.000000,0.000000,0.000000,1.000000,0.000000,0.000000,0.000000,1.000000,0.000000,0.000000,0.000000,1.000000,0.000000,0.000000,0.000000
0.360403,-0.031390,0.032056,-0.931717,1.000000,0.000000,0.000000,0.000000,1.000000,0.000000,0.000000,0.000000,1.000000,0.000000,0.000000,0.000000,1.000000,0.000000,0.000000,0.000000,1.000000,0.000000,0.000000,0.000000,1.000000,0.000000,0.000000,0.000000,1.000000,0.000000,0.000000,0.000000,1.000000,0.000000,0.000000,0.000000,1.000000,0.000000,0.000000,0.000000,1.000000,0.000000,0.000000,0.000000,1.000000,0.000000,0.000000,0.000000,1.000000,0.000000,0.000000,0.000000,1.000000,0.000000,0.000000,0.000000
0.363259,-0.030486,0.032357,-0.930627,1.000000,0.000000,0.000000,0.000000,1.000000,0.000000,0.000000,0.000000,1.000000,0.000000,0.000000,0.000000,1.000000,0.000000,0.000000,0.000000,1.000000,0.000000,0.000000,0.000000,1.000000,0.000000,0.000000,0.000000,1.000000,0.000000,0.000000,0.000000,1.000000,0.000000,0.000000,0.000000,1.000000,0.000000,0.000000,0.000000,1.000000,0.000000,0.000000,0.000000,1.000000,0.000000,0.000000,0.000000,1.000000,0.000000,0.000000,0.000000,1.000000,0.000000,0.000000,0.000000
0.364877,-0.030204,0.031948,-0.930017,1.000000,0.000000,0.000000,0.000000,1.000000,0.000000,0.000000,0.000000,1.000000,0.000000,0.000000,0.000000,1.000000,0.000000,0.000000,0.000000,1.000000,0.000000,0.000000,0.000000,1.000000,0.000000,0.000000,0.000000,1.000000,0.000000,0.000000,0.000000,1.000000,0.000000,0.000000,0.000000,1.000000,0.000000,0.000000,0.000000,1.000000,0.000000,0.000000,0.000000,1.000000,0.000000,0.000000,0.000000,1.000000,0.000000,0.000000,0.000000,1.000000,0.000000,0.000000,0.000000
0.363787,-0.029341,0.029570,-0.930550,1.000000,0.000000,0.000000,0.000000,1.000000,0.000000,0.000000,0.000000,1.000000,0.000000,0.000000,0.000000,1.000000,0.000000,0.000000,0.000000,1.000000,0.000000,0.000000,0.000000,1.000000,0.000000,0.000000,0.000000,1.000000,0.000000,0.000000,0.000000,1.000000,0.000000,0.000000,0.000000,1.000000,0.000000,0.000000,0.000000,1.000000,0.000000,0.000000,0.000000,1.000000,0.000000,0.000000,0.000000,1.000000,0.000000,0.000000,0.000000,1.000000,0.000000,0.000000,0.000000
0.358245,-0.028052,0.025566,-0.932856,1.000000,0.000000,0.000000,0.000000,1.000000,0.000000,0.000000,0.000000,1.000000,0.000000,0.000000,0.000000,1.000000,0.000000,0.000000,0.000000,1.000000,0.000000,0.000000,0.000000,1.000000,0.000000,0.000000,0.000000,1.000000,0.000000,0.000000,0.000000,1.000000,0.000000,0.000000,0.000000,1.000000,0.000000,0.000000,0.000000,1.000000,0.000000,0.000000,0.000000,1.000000,0.000000,0.000000,0.000000,1.000000,0.000000,0.000000,0.000000,1.000000,0.000000,0.000000,0.000000
0.350667,-0.026628,0.020225,-0.935903,1.000000,0.000000,0.000000,0.000000,1.000000,0.000000,0.000000,0.000000,1.000000,0.000000,0.000000,0.000000,1.000000,0.000000,0.000000,0.000000,1.000000,0.000000,0.000000,0.000000,1.000000,0.000000,0.000000,0.000000,1.000000,0.000000,0.000000,0.000000,1.000000,0.000000,0.000000,0.000000,1.000000,0.000000,0.000000,0.000000,1.000000,0.000000,0.000000,0.000000,1.000000,0.000000,0.000000,0.000000,1.000000,0.000000,0.000000,0.000000,1.000000,0.000000,0.000000,0.000000
0.339430,-0.025735,0.012179,-0.940201,1.000000,0.000000,0.000000,0.000000,1.000000,0.000000,0.000000,0.000000,1.000000,0.000000,0.000000,0.000000,1.000000,0.000000,0.000000,0.000000,1.000000,0.000000,0.000000,0.000000,1.000000,0.000000,0.000000,0.000000,1.000000,0.000000,0.000000,0.000000,1.000000,0.000000,0.000000,0.000000,1.000000,0.000000,0.000000,0.000000,1.000000,0.000000,0.000000,0.000000,1.000000,0.000000,0.000000,0.000000,1.000000,0.000000,0.000000,0.000000,1.000000,0.000000,0.000000,0.000000
0.325229,-0.026649,0.002616,-0.945256,1.000000,0.000000,0.000000,0.000000,1.000000,0.000000,0.000000,0.000000,1.000000,0.000000,0.000000,0.000000,1.000000,0.000000,0.000000,0.000000,1.000000,0.000000,0.000000,0.000000,1.000000,0.000000,0.000000,0.000000,1.000000,0.000000,0.000000,0.000000,1.000000,0.000000,0.000000,0.000000,1.000000,0.000000,0.000000,0.000000,1.000000,0.000000,0.000000,0.000000,1.000000,0.000000,0.000000,0.000000,1.000000,0.000000,0.000000,0.000000,1.000000,0.000000,0.000000,0.000000
0.306676,-0.028224,-0.005875,-0.951377,1.000000,0.000000,0.000000,0.000000,1.000000,0.000000,0.000000,0.000000,1.000000,0.000000,0.000000,0.000000,1.000000,0.000000,0.000000,0.000000,1.000000,0.000000,0.000000,0.000000,1.000000,0.000000,0.000000,0.000000,1.000000,0.000000,0.000000,0.000000,1.000000,0.000000,0.000000,0.000000,1.000000,0.000000,0.000000,0.000000,1.000000,0.000000,0.000000,0.000000,1.000000,0.000000,0.000000,0.000000,1.000000,0.000000,0.000000,0.000000,1.000000,0.000000,0.000000,0.000000
0.287976,-0.030451,-0.011730,-0.957082,1.000000,0.000000,0.000000,0.000000,1.000000,0.000000,0.000000,0.000000,1.000000,0.000000,0.000000,0.000000,1.000000,0.000000,0.000000,0.000000,1.000000,0.000000,0.000000,0.000000,1.000000,0.000000,0.000000,0.000000,1.000000,0.000000,0.000000,0.000000,1.000000,0.000000,0.000000,0.000000,1.000000,0.000000,0.000000,0.000000,1.000000,0.000000,0.000000,0.000000,1.000000,0.000000,0.000000,0.000000,1.000000,0.000000,0.000000,0.000000,1.000000,0.000000,0.000000,0.000000
0.273103,-0.033709,-0.014211,-0.961289,1.000000,0.000000,0.000000,0.000000,1.000000,0.000000,0.000000,0.000000,1.000000,0.000000,0.000000,0.000000,1.000000,0.000000,0.000000,0.000000,1.000000,0.000000,0.000000,0.000000,1.000000,0.000000,0.000000,0.000000,1.000000,0.000000,0.000000,0.000000,1.000000,0.000000,0.000000,0.000000,1.000000,0.000000,0.000000,0.000000,1.000000,0.000000,0.000000,0.000000,1.000000,0.000000,0.000000,0.000000,1.000000,0.000000,0.000000,0.000000,1.000000,0.000000,0.000000,0.000000
0.260226,-0.036685,-0.016042,-0.964717,1.000000,0.000000,0.000000,0.000000,1.000000,0.000000,0.000000,0.000000,1.000000,0.000000,0.000000,0.000000,1.000000,0.000000,0.000000,0.000000,1.000000,0.000000,0.000000,0.000000,1.000000,0.000000,0.000000,0.000000,1.000000,0.000000,0.000000,0.000000,1.000000,0.000000,0.000000,0.000000,1.000000,0.000000,0.000000,0.000000,1.000000,0.000000,0.000000,0.000000,1.000000,0.000000,0.000000,0.000000,1.000000,0.000000,0.000000,0.000000,1.000000,0.000000,0.000000,0.000000
0.250389,-0.038600,-0.014721,-0.967263,1.000000,0.000000,0.000000,0.000000,1.000000,0.000000,0.000000,0.000000,1.000000,0.000000,0.000000,0.000000,1.000000,0.000000,0.000000,0.000000,1.000000,0.000000,0.000000,0.000000,1.000000,0.000000,0.000000,0.000000,1.000000,0.000000,0.000000,0.000000,1.000000,0.000000,0.000000,0.000000,1.000000,0.000000,0.000000,0.000000,1.000000,0.000000,0.000000,0.000000,1.000000,0.000000,0.000000,0.000000,1.000000,0.000000,0.000000,0.000000,1.000000,0.000000,0.000000,0.000000
0.247282,-0.039707,-0.011588,-0.968060,1.000000,0.000000,0.000000,0.000000,1.000000,0.000000,0.000000,0.000000,1.000000,0.000000,0.000000,0.000000,1.000000,0.000000,0.000000,0.000000,1.000000,0.000000,0.000000,0.000000,1.000000,0.000000,0.000000,0.000000,1.000000,0.000000,0.000000,0.000000,1.000000,0.000000,0.000000,0.000000,1.000000,0.000000,0.000000,0.000000,1.000000,0.000000,0.000000,0.000000,1.000000,0.000000,0.000000,0.000000,1.000000,0.000000,0.000000,0.000000,1.000000,0.000000,0.000000,0.000000
0.243973,-0.040788,-0.008304,-0.968888,1.000000,0.000000,0.000000,0.000000,1.000000,0.000000,0.000000,0.000000,1.000000,0.000000,0.000000,0.000000,1.000000,0.000000,0.000000,0.000000,1.000000,0.000000,0.000000,0.000000,1.000000,0.000000,0.000000,0.000000,1.000000,0.000000,0.000000,0.000000,1.000000,0.000000,0.000000,0.000000,1.000000,0.000000,0.000000,0.000000,1.000000,0.000000,0.000000,0.000000,1.000000,0.000000,0.000000,0.000000,1.000000,0.000000,0.000000,0.000000,1.000000,0.000000,0.000000,0.000000
0.241736,-0.042884,-0.004750,-0.969382,1.000000,0.000000,0.000000,0.000000,1.000000,0.000000,0.000000,0.000000,1.000000,0.000000,0.000000,0.000000,1.000000,0.000000,0.000000,0.000000,1.000000,0.000000,0.000000,0.000000,1.000000,0.000000,0.000000,0.000000,1.000000,0.000000,0.000000,0.000000,1.000000,0.000000,0.000000,0.000000,1.000000,0.000000,0.000000,0.000000,1.000000,0.000000,0.000000,0.000000,1.000000,0.000000,0.000000,0.000000,1.000000,0.000000,0.000000,0.000000,1.000000,0.000000,0.000000,0.000000
0.239642,-0.044443,-0.000895,-0.969843,1.000000,0.000000,0.000000,0.000000,1.000000,0.000000,0.000000,0.000000,1.000000,0.000000,0.000000,0.000000,1.000000,0.000000,0.000000,0.000000,1.000000,0.000000,0.000000,0.000000,1.000000,0.000000,0.000000,0.000000,1.000000,0.000000,0.000000,0.000000,1.000000,0.000000,0.000000,0.000000,1.000000,0.000000,0.000000,0.000000,1.000000,0.000000,0.000000,0.000000,1.000000,0.000000,0.000000,0.000000,1.000000,0.000000,0.000000,0.000000,1.000000,0.000000,0.000000,0.000000
0.237566,-0.045520,0.002416,-0.970301,1.000000,0.000000,0.000000,0.000000,1.000000,0.000000,0.000000,0.000000,1.000000,0.000000,0.000000,0.000000,1.000000,0.000000,0.000000,0.000000,1.000000,0.000000,0.000000,0.000000,1.000000,0.000000,0.000000,0.000000,1.000000,0.000000,0.000000,0.000000,1.000000,0.000000,0.000000,0.000000,1.000000,0.000000,0.000000,0.000000,1.000000,0.000000,0.000000,0.000000,1.000000,0.000000,0.000000,0.000000,1.000000,0.000000,0.000000,0.000000,1.000000,0.000000,0.000000,0.000000
0.235595,-0.045700,0.004918,-0.970764,1.000000,0.000000,0.000000,0.000000,1.000000,0.000000,0.000000,0.000000,1.000000,0.000000,0.000000,0.000000,1.000000,0.000000,0.000000,0.000000,1.000000,0.000000,0.000000,0.000000,1.000000,0.000000,0.000000,0.000000,1.000000,0.000000,0.000000,0.000000,1.000000,0.000000,0.000000,0.000000,1.000000,0.000000,0.000000,0.000000,1.000000,0.000000,0.000000,0.000000,1.000000,0.000000,0.000000,0.000000,1.000000,0.000000,0.000000,0.000000,1.000000,0.000000,0.000000,0.000000
0.232640,-0.044471,0.006168,-0.971526,1.000000,0.000000,0.000000,0.000000,1.000000,0.000000,0.000000,0.000000,1.000000,0.000000,0.000000,0.000000,1.000000,0.000000,0.000000,0.000000,1.000000,0.000000,0.000000,0.000000,1.000000,0.000000,0.000000,0.000000,1.000000,0.000000,0.000000,0.000000,1.000000,0.000000,0.000000,0.000000,1.000000,0.000000,0.000000,0.000000,1.000000,0.000000,0.000000,0.000000,1.000000,0.000000,0.000000,0.000000,1.000000,0.000000,0.000000,0.000000,1.000000,0.000000,0.000000,0.000000
0.229914,-0.041096,0.007283,-0.972316,1.000000,0.000000,0.000000,0.000000,1.000000,0.000000,0.000000,0.000000,1.000000,0.000000,0.000000,0.000000,1.000000,0.000000,0.000000,0.000000,1.000000,0.000000,0.000000,0.000000,1.000000,0.000000,0.000000,0.000000,1.000000,0.000000,0.000000,0.000000,1.000000,0.000000,0.000000,0.000000,1.000000,0.000000,0.000000,0.000000,1.000000,0.000000,0.000000,0.000000,1.000000,0.000000,0.000000,0.000000,1.000000,0.000000,0.000000,0.000000,1.000000,0.000000,0.000000,0.000000
0.228339,-0.036485,0.008594,-0.972860,1.000000,0.000000,0.000000,0.000000,1.000000,0.000000,0.000000,0.000000,1.000000,0.000000,0.000000,0.000000,1.000000,0.000000,0.000000,0.000000,1.000000,0.000000,0.000000,0.000000,1.000000,0.000000,0.000000,0.000000,1.000000,0.000000,0.000000,0.000000,1.000000,0.000000,0.000000,0.000000,1.000000,0.000000,0.000000,0.000000,1.000000,0.000000,0.000000,0.000000,1.000000,0.000000,0.000000,0.000000,1.000000,0.000000,0.000000,0.000000,1.000000,0.000000,0.000000,0.000000
0.224359,-0.031298,0.011272,-0.973939,1.000000,0.000000,0.000000,0.000000,1.000000,0.000000,0.000000,0.000000,1.000000,0.000000,0.000000,0.000000,1.000000,0.000000,0.000000,0.000000,1.000000,0.000000,0.000000,0.000000,1.000000,0.000000,0.000000,0.000000,1.000000,0.000000,0.000000,0.000000,1.000000,0.000000,0.000000,0.000000,1.000000,0.000000,0.000000,0.000000,1.000000,0.000000,0.000000,0.000000,1.000000,0.000000,0.000000,0.000000,1.000000,0.000000,0.000000,0.000000,1.000000,0.000000,0.000000,0.000000
0.222248,-0.025775,0.014687,-0.974539,1.000000,0.000000,0.000000,0.000000,1.000000,0.000000,0.000000,0.000000,1.000000,0.000000,0.000000,0.000000,1.000000,0.000000,0.000000,0.000000,1.000000,0.000000,0.000000,0.000000,1.000000,0.000000,0.000000,0.000000,1.000000,0.000000,0.000000,0.000000,1.000000,0.000000,0.000000,0.000000,1.000000,0.000000,0.000000,0.000000,1.000000,0.000000,0.000000,0.000000,1.000000,0.000000,0.000000,0.000000,1.000000,0.000000,0.000000,0.000000,1.000000,0.000000,0.000000,0.000000
0.220493,-0.020651,0.018454,-0.974995,1.000000,0.000000,0.000000,0.000000,1.000000,0.000000,0.000000,0.000000,1.000000,0.000000,0.000000,0.000000,1.000000,0.000000,0.000000,0.000000,1.000000,0.000000,0.000000,0.000000,1.000000,0.000000,0.000000,0.000000,1.000000,0.000000,0.000000,0.000000,1.000000,0.000000,0.000000,0.000000,1.000000,0.000000,0.000000,0.000000,1.000000,0.000000,0.000000,0.000000,1.000000,0.000000,0.000000,0.000000,1.000000,0.000000,0.000000,0.000000,1.000000,0.000000,0.000000,0.000000
0.219982,-0.014804,0.021580,-0.975153,1.000000,0.000000,0.000000,0.000000,1.000000,0.000000,0.000000,0.000000,1.000000,0.000000,0.000000,0.000000,1.000000,0.000000,0.000000,0.000000,1.000000,0.000000,0.000000,0.000000,1.000000,0.000000,0.000000,0.000000,1.000000,0.000000,0.000000,0.000000,1.000000,0.000000,0.000000,0.000000,1.000000,0.000000,0.000000,0.000000,1.000000,0.000000,0.000000,0.000000,1.000000,0.000000,0.000000,0.000000,1.000000,0.000000,0.000000,0.000000,1.000000,0.000000,0.000000,0.000000
0.219973,-0.008707,0.024320,-0.975164,1.000000,0.000000,0.000000,0.000000,1.000000,0.000000,0.000000,0.000000,1.000000,0.000000,0.000000,0.000000,1.000000,0.000000,0.000000,0.000000,1.000000,0.000000,0.000000,0.000000,1.000000,0.000000,0.000000,0.000000,1.000000,0.000000,0.000000,0.000000,1.000000,0.000000,0.000000,0.000000,1.000000,0.000000,0.000000,0.000000,1.000000,0.000000,0.000000,0.000000,1.000000,0.000000,0.000000,0.000000,1.000000,0.000000,0.000000,0.000000,1.000000,0.000000,0.000000,0.000000
0.220646,-0.002861,0.025664,-0.975012,1.000000,0.000000,0.000000,0.000000,1.000000,0.000000,0.000000,0.000000,1.000000,0.000000,0.000000,0.000000,1.000000,0.000000,0.000000,0.000000,1.000000,0.000000,0.000000,0.000000,1.000000,0.000000,0.000000,0.000000,1.000000,0.000000,0.000000,0.000000,1.000000,0.000000,0.000000,0.000000,1.000000,0.000000,0.000000,0.000000,1.000000,0.000000,0.000000,0.000000,1.000000,0.000000,0.000000,0.000000,1.000000,0.000000,0.000000,0.000000,1.000000,0.000000,0.000000,0.000000
0.223116,0.002913,0.025313,-0.974459,1.000000,0.000000,0.000000,0.000000,1.000000,0.000000,0.000000,0.000000,1.000000,0.000000,0.000000,0.000000,1.000000,0.000000,0.000000,0.000000,1.000000,0.000000,0.000000,0.000000,1.000000,0.000000,0.000000,0.000000,1.000000,0.000000,0.000000,0.000000,1.000000,0.000000,0.000000,0.000000,1.000000,0.000000,0.000000,0.000000,1.000000,0.000000,0.000000,0.000000,1.000000,0.000000,0.000000,0.000000,1.000000,0.000000,0.000000,0.000000,1.000000,0.000000,0.000000,0.000000
0.227197,0.008066,0.023814,-0.973524,1.000000,0.000000,0.000000,0.000000,1.000000,0.000000,0.000000,0.000000,1.000000,0.000000,0.000000,0.000000,1.000000,0.000000,0.000000,0.000000,1.000000,0.000000,0.000000,0.000000,1.000000,0.000000,0.000000,0.000000,1.000000,0.000000,0.000000,0.000000,1.000000,0.000000,0.000000,0.000000,1.000000,0.000000,0.000000,0.000000,1.000000,0.000000,0.000000,0.000000,1.000000,0.000000,0.000000,0.000000,1.000000,0.000000,0.000000,0.000000,1.000000,0.000000,0.000000,0.000000
0.232520,0.012125,0.022382,-0.972258,1.000000,0.000000,0.000000,0.000000,1.000000,0.000000,0.000000,0.000000,1.000000,0.000000,0.000000,0.000000,1.000000,0.000000,0.000000,0.000000,1.000000,0.000000,0.000000,0.000000,1.000000,0.000000,0.000000,0.000000,1.000000,0.000000,0.000000,0.000000,1.000000,0.000000,0.000000,0.000000,1.000000,0.000000,0.000000,0.000000,1.000000,0.000000,0.000000,0.000000,1.000000,0.000000,0.000000,0.000000,1.000000,0.000000,0.000000,0.000000,1.000000,0.000000,0.000000,0.000000
0.238543,0.014377,0.021275,-0.970793,1.000000,0.000000,0.000000,0.000000,1.000000,0.000000,0.000000,0.000000,1.000000,0.000000,0.000000,0.000000,1.000000,0.000000,0.000000,0.000000,1.000000,0.000000,0.000000,0.000000,1.000000,0.000000,0.000000,0.000000,1.000000,0.000000,0.000000,0.000000,1.000000,0.000000,0.000000,0.000000,1.000000,0.000000,0.000000,0.000000,1.000000,0.000000,0.000000,0.000000,1.000000,0.000000,0.000000,0.000000,1.000000,0.000000,0.000000,0.000000,1.000000,0.000000,0.000000,0.000000
0.244633,0.014104,0.021129,-0.969283,1.000000,0.000000,0.000000,0.000000,1.000000,0.000000,0.000000,0.000000,1.000000,0.000000,0.000000,0.000000,1.000000,0.000000,0.000000,0.000000,1.000000,0.000000,0.000000,0.000000,1.000000,0.000000,0.000000,0.000000,1.000000,0.000000,0.000000,0.000000,1.000000,0.000000,0.000000,0.000000,1.000000,0.000000,0.000000,0.000000,1.000000,0.000000,0.000000,0.000000,1.000000,0.000000,0.000000,0.000000,1.000000,0.000000,0.000000,0.000000,1.000000,0.000000,0.000000,0.000000
0.251916,0.013168,0.020938,-0.967433,1.000000,0.000000,0.000000,0.000000,1.000000,0.000000,0.000000,0.000000,1.000000,0.000000,0.000000,0.000000,1.000000,0.000000,0.000000,0.000000,1.000000,0.000000,0.000000,0.000000,1.000000,0.000000,0.000000,0.000000,1.000000,0.000000,0.000000,0.000000,1.000000,0.000000,0.000000,0.000000,1.000000,0.000000,0.000000,0.000000,1.000000,0.000000,0.000000,0.000000,1.000000,0.000000,0.000000,0.000000,1.000000,0.000000,0.000000,0.000000,1.000000,0.000000,0.000000,0.000000
0.258171,0.010923,0.021921,-0.965789,1.000000,0.000000,0.000000,0.000000,1.000000,0.000000,0.000000,0.000000,1.000000,0.000000,0.000000,0.000000,1.000000,0.000000,0.000000,0.000000,1.000000,0.000000,0.000000,0.000000,1.000000,0.000000,0.000000,0.000000,1.000000,0.000000,0.000000,0.000000,1.000000,0.000000,0.000000,0.000000,1.000000,0.000000,0.000000,0.000000,1.000000,0.000000,0.000000,0.000000,1.000000,0.000000,0.000000,0.000000,1.000000,0.000000,0.000000,0.000000,1.000000,0.000000,0.000000,0.000000
0.264699,0.008311,0.022941,-0.964022,1.000000,0.000000,0.000000,0.000000,1.000000,0.000000,0.000000,0.000000,1.000000,0.000000,0.000000,0.000000,1.000000,0.000000,0.000000,0.000000,1.000000,0.000000,0.000000,0.000000,1.000000,0.000000,0.000000,0.000000,1.000000,0.000000,0.000000,0.000000,1.000000,0.000000,0.000000,0.000000,1.000000,0.000000,0.000000,0.000000,1.000000,0.000000,0.000000,0.000000,1.000000,0.000000,0.000000,0.000000,1.000000,0.000000,0.000000,0.000000,1.000000,0.000000,0.000000,0.000000
0.272456,0.005638,0.024095,-0.961850,1.000000,0.000000,0.000000,0.000000,1.000000,0.000000,0.000000,0.000000,1.000000,0.000000,0.000000,0.000000,1.000000,0.000000,0.000000,0.000000,1.000000,0.000000,0.000000,0.000000,1.000000,0.000000,0.000000,0.000000,1.000000,0.000000,0.000000,0.000000,1.000000,0.000000,0.000000,0.000000,1.000000,0.000000,0.000000,0.000000,1.000000,0.000000,0.000000,0.000000,1.000000,0.000000,0.000000,0.000000,1.000000,0.000000,0.000000,0.000000,1.000000,0.000000,0.000000,0.000000
0.280928,0.004214,0.024298,-0.959412,1.000000,0.000000,0.000000,0.000000,1.000000,0.000000,0.000000,0.000000,1.000000,0.000000,0.000000,0.000000,1.000000,0.000000,0.000000,0.000000,1.000000,0.000000,0.000000,0.000000,1.000000,0.000000,0.000000,0.000000,1.000000,0.000000,0.000000,0.000000,1.000000,0.000000,0.000000,0.000000,1.000000,0.000000,0.000000,0.000000,1.000000,0.000000,0.000000,0.000000,1.000000,0.000000,0.000000,0.000000,1.000000,0.000000,0.000000,0.000000,1.000000,0.000000,0.000000,0.000000
0.289659,0.003677,0.023216,-0.956841,1.000000,0.000000,0.000000,0.000000,1.000000,0.000000,0.000000,0.000000,1.000000,0.000000,0.000000,0.000000,1.000000,0.000000,0.000000,0.000000,1.000000,0.000000,0.000000,0.000000,1.000000,0.000000,0.000000,0.000000,1.000000,0.000000,0.000000,0.000000,1.000000,0.000000,0.000000,0.000000,1.000000,0.000000,0.000000,0.000000,1.000000,0.000000,0.000000,0.000000,1.000000,0.000000,0.000000,0.000000,1.000000,0.000000,0.000000,0.000000,1.000000,0.000000,0.000000,0.000000
0.298108,0.003829,0.020068,-0.954314,1.000000,0.000000,0.000000,0.000000,1.000000,0.000000,0.000000,0.000000,1.000000,0.000000,0.000000,0.000000,1.000000,0.000000,0.000000,0.000000,1.000000,0.000000,0.000000,0.000000,1.000000,0.000000,0.000000,0.000000,1.000000,0.000000,0.000000,0.000000,1.000000,0.000000,0.000000,0.000000,1.000000,0.000000,0.000000,0.000000,1.000000,0.000000,0.000000,0.000000,1.000000,0.000000,0.000000,0.000000,1.000000,0.000000,0.000000,0.000000,1.000000,0.000000,0.000000,0.000000
0.304989,0.002979,0.018495,-0.952172,1.000000,0.000000,0.000000,0.000000,1.000000,0.000000,0.000000,0.000000,1.000000,0.000000,0.000000,0.000000,1.000000,0.000000,0.000000,0.000000,1.000000,0.000000,0.000000,0.000000,1.000000,0.000000,0.000000,0.000000,1.000000,0.000000,0.000000,0.000000,1.000000,0.000000,0.000000,0.000000,1.000000,0.000000,0.000000,0.000000,1.000000,0.000000,0.000000,0.000000,1.000000,0.000000,0.000000,0.000000,1.000000,0.000000,0.000000,0.000000,1.000000,0.000000,0.000000,0.000000
0.309032,0.001012,0.017620,-0.950888,1.000000,0.000000,0.000000,0.000000,1.000000,0.000000,0.000000,0.000000,1.000000,0.000000,0.000000,0.000000,1.000000,0.000000,0.000000,0.000000,1.000000,0.000000,0.000000,0.000000,1.000000,0.000000,0.000000,0.000000,1.000000,0.000000,0.000000,0.000000,1.000000,0.000000,0.000000,0.000000,1.000000,0.000000,0.000000,0.000000,1.000000,0.000000,0.000000,0.000000,1.000000,0.000000,0.000000,0.000000,1.000000,0.000000,0.000000,0.000000,1.000000,0.000000,0.000000,0.000000
0.310700,-0.001090,0.018256,-0.950332,1.000000,0.000000,0.000000,0.000000,1.000000,0.000000,0.000000,0.000000,1.000000,0.000000,0.000000,0.000000,1.000000,0.000000,0.000000,0.000000,1.000000,0.000000,0.000000,0.000000,1.000000,0.000000,0.000000,0.000000,1.000000,0.000000,0.000000,0.000000,1.000000,0.000000,0.000000,0.000000,1.000000,0.000000,0.000000,0.000000,1.000000,0.000000,0.000000,0.000000,1.000000,0.000000,0.000000,0.000000,1.000000,0.000000,0.000000,0.000000,1.000000,0.000000,0.000000,0.000000
0.311759,-0.003195,0.020035,-0.949945,1.000000,0.000000,0.000000,0.000000,1.000000,0.000000,0.000000,0.000000,1.000000,0.000000,0.000000,0.000000,1.000000,0.000000,0.000000,0.000000,1.000000,0.000000,0.000000,0.000000,1.000000,0.000000,0.000000,0.000000,1.000000,0.000000,0.000000,0.000000,1.000000,0.000000,0.000000,0.000000,1.000000,0.000000,0.000000,0.000000,1.000000,0.000000,0.000000,0.000000,1.000000,0.000000,0.000000,0.000000,1.000000,0.000000,0.000000,0.000000,1.000000,0.000000,0.000000,0.000000
0.314620,-0.005588,0.023189,-0.948918,1.000000,0.000000,0.000000,0.000000,1.000000,0.000000,0.000000,0.000000,1.000000,0.000000,0.000000,0.000000,1.000000,0.000000,0.000000,0.000000,1.000000,0.000000,0.000000,0.000000,1.000000,0.000000,0.000000,0.000000,1.000000,0.000000,0.000000,0.000000,1.000000,0.000000,0.000000,0.000000,1.000000,0.000000,0.000000,0.000000,1.000000,0.000000,0.000000,0.000000,1.000000,0.000000,0.000000,0.000000,1.000000,0.000000,0.000000,0.000000,1.000000,0.000000,0.000000,0.000000
0.318779,-0.006534,0.025455,-0.947465,1.000000,0.000000,0.000000,0.000000,1.000000,0.000000,0.000000,0.000000,1.000000,0.000000,0.000000,0.000000,1.000000,0.000000,0.000000,0.000000,1.000000,0.000000,0.000000,0.000000,1.000000,0.000000,0.000000,0.000000,1.000000,0.000000,0.000000,0.000000,1.000000,0.000000,0.000000,0.000000,1.000000,0.000000,0.000000,0.000000,1.000000,0.000000,0.000000,0.000000,1.000000,0.000000,0.000000,0.000000,1.000000,0.000000,0.000000,0.000000,1.000000,0.000000,0.000000,0.000000
0.324440,-0.006738,0.026015,-0.945524,1.000000,0.000000,0.000000,0.000000,1.000000,0.000000,0.000000,0.000000,1.000000,0.000000,0.000000,0.000000,1.000000,0.000000,0.000000,0.000000,1.000000,0.000000,0.000000,0.000000,1.000000,0.000000,0.000000,0.000000,1.000000,0.000000,0.000000,0.000000,1.000000,0.000000,0.000000,0.000000,1.000000,0.000000,0.000000,0.000000,1.000000,0.000000,0.000000,0.000000,1.000000,0.000000,0.000000,0.000000,1.000000,0.000000,0.000000,0.000000,1.000000,0.000000,0.000000,0.000000
0.330562,-0.005268,0.024546,-0.943451,1.000000,0.000000,0.000000,0.000000,1.000000,0.000000,0.000000,0.000000,1.000000,0.000000,0.000000,0.000000,1.000000,0.000000,0.000000,0.000000,1.000000,0.000000,0.000000,0.000000,1.000000,0.000000,0.000000,0.000000,1.000000,0.000000,0.000000,0.000000,1.000000,0.000000,0.000000,0.000000,1.000000,0.000000,0.000000,0.000000,1.000000,0.000000,0.000000,0.000000,1.000000,0.000000,0.000000,0.000000,1.000000,0.000000,0.000000,0.000000,1.000000,0.000000,0.000000,0.000000
0.334920,-0.004692,0.024968,-0.941904,1.000000,0.000000,0.000000,0.000000,1.000000,0.000000,0.000000,0.000000,1.000000,0.000000,0.000000,0.000000,1.000000,0.000000,0.000000,0.000000,1.000000,0.000000,0.000000,0.000000,1.000000,0.000000,0.000000,0.000000,1.000000,0.000000,0.000000,0.000000,1.000000,0.000000,0.000000,0.000000,1.000000,0.000000,0.000000,0.000000,1.000000,0.000000,0.000000,0.000000,1.000000,0.000000,0.000000,0.000000,1.000000,0.000000,0.000000,0.000000,1.000000,0.000000,0.000000,0.000000
0.332322,-0.004671,0.023437,-0.942863,1.000000,0.000000,0.000000,0.000000,1.000000,0.000000,0.000000,0.000000,1.000000,0.000000,0.000000,0.000000,1.000000,0.000000,0.000000,0.000000,1.000000,0.000000,0.000000,0.000000,1.000000,0.000000,0.000000,0.000000,1.000000,0.000000,0.000000,0.000000,1.000000,0.000000,0.000000,0.000000,1.000000,0.000000,0.000000,0.000000,1.000000,0.000000,0.000000,0.000000,1.000000,0.000000,0.000000,0.000000,1.000000,0.000000,0.000000,0.000000,1.000000,0.000000,0.000000,0.000000
0.327129,-0.003225,0.019048,-0.944782,1.000000,0.000000,0.000000,0.000000,1.000000,0.000000,0.000000,0.000000,1.000000,0.000000,0.000000,0.000000,1.000000,0.000000,0.000000,0.000000,1.000000,0.000000,0.000000,0.000000,1.000000,0.000000,0.000000,0.000000,1.000000,0.000000,0.000000,0.000000,1.000000,0.000000,0.000000,0.000000,1.000000,0.000000,0.000000,0.000000,1.000000,0.000000,0.000000,0.000000,1.000000,0.000000,0.000000,0.000000,1.000000,0.000000,0.000000,0.000000,1.000000,0.000000,0.000000,0.000000
0.317902,-0.002961,0.012370,-0.948038,1.000000,0.000000,0.000000,0.000000,1.000000,0.000000,0.000000,0.000000,1.000000,0.000000,0.000000,0.000000,1.000000,0.000000,0.000000,0.000000,1.000000,0.000000,0.000000,0.000000,1.000000,0.000000,0.000000,0.000000,1.000000,0.000000,0.000000,0.000000,1.000000,0.000000,0.000000,0.000000,1.000000,0.000000,0.000000,0.000000,1.000000,0.000000,0.000000,0.000000,1.000000,0.000000,0.000000,0.000000,1.000000,0.000000,0.000000,0.000000,1.000000,0.000000,0.000000,0.000000
0.305050,-0.005206,0.003578,-0.952315,1.000000,0.000000,0.000000,0.000000,1.000000,0.000000,0.000000,0.000000,1.000000,0.000000,0.000000,0.000000,1.000000,0.000000,0.000000,0.000000,1.000000,0.000000,0.000000,0.000000,1.000000,0.000000,0.000000,0.000000,1.000000,0.000000,0.000000,0.000000,1.000000,0.000000,0.000000,0.000000,1.000000,0.000000,0.000000,0.000000,1.000000,0.000000,0.000000,0.000000,1.000000,0.000000,0.000000,0.000000,1.000000,0.000000,0.000000,0.000000,1.000000,0.000000,0.000000,0.000000
0.286718,-0.008298,-0.005634,-0.957962,1.000000,0.000000,0.000000,0.000000,1.000000,0.000000,0.000000,0.000000,1.000000,0.000000,0.000000,0.000000,1.000000,0.000000,0.000000,0.000000,1.000000,0.000000,0.000000,0.000000,1.000000,0.000000,0.000000,0.000000,1.000000,0.000000,0.000000,0.000000,1.000000,0.000000,0.000000,0.000000,1.000000,0.000000,0.000000,0.000000,1.000000,0.000000,0.000000,0.000000,1.000000,0.000000,0.000000,0.000000,1.000000,0.000000,0.000000,0.000000,1.000000,0.000000,0.000000,0.000000
0.268228,-0.011850,-0.012630,-0.963200,1.000000,0.000000,0.000000,0.000000,1.000000,0.000000,0.000000,0.000000,1.000000,0.000000,0.000000,0.000000,1.000000,0.000000,0.000000,0.000000,1.000000,0.000000,0.000000,0.000000,1.000000,0.000000,0.000000,0.000000,1.000000,0.000000,0.000000,0.000000,1.000000,0.000000,0.000000,0.000000,1.000000,0.000000,0.000000,0.000000,1.000000,0.000000,0.000000,0.000000,1.000000,0.000000,0.000000,0.000000,1.000000,0.000000,0.000000,0.000000,1.000000,0.000000,0.000000,0.000000
0.252923,-0.014527,-0.016543,-0.967236,1.000000,0.000000,0.000000,0.000000,1.000000,0.000000,0.000000,0.000000,1.000000,0.000000,0.000000,0.000000,1.000000,0.000000,0.000000,0.000000,1.000000,0.000000,0.000000,0.000000,1.000000,0.000000,0.000000,0.000000,1.000000,0.000000,0.000000,0.000000,1.000000,0.000000,0.000000,0.000000,1.000000,0.000000,0.000000,0.000000,1.000000,0.000000,0.000000,0.000000,1.000000,0.000000,0.000000,0.000000,1.000000,0.000000,0.000000,0.000000,1.000000,0.000000,0.000000,0.000000
0.241133,-0.016457,-0.016527,-0.970212,1.000000,0.000000,0.000000,0.000000,1.000000,0.000000,0.000000,0.000000,1.000000,0.000000,0.000000,0.000000,1.000000,0.000000,0.000000,0.000000,1.000000,0.000000,0.000000,0.000000,1.000000,0.000000,0.000000,0.000000,1.000000,0.000000,0.000000,0.000000,1.000000,0.000000,0.000000,0.000000,1.000000,0.000000,0.000000,0.000000,1.000000,0.000000,0.000000,0.000000,1.000000,0.000000,0.000000,0.000000,1.000000,0.000000,0.000000,0.000000,1.000000,0.000000,0.000000,0.000000
0.230369,-0.017602,-0.014788,-0.972832,1.000000,0.000000,0.000000,0.000000,1.000000,0.000000,0.000000,0.000000,1.000000,0.000000,0.000000,0.000000,1.000000,0.000000,0.000000,0.000000,1.000000,0.000000,0.000000,0.000000,1.000000,0.000000,0.000000,0.000000,1.000000,0.000000,0.000000,0.000000,1.000000,0.000000,0.000000,0.000000,1.000000,0.000000,0.000000,0.000000,1.000000,0.000000,0.000000,0.000000,1.000000,0.000000,0.000000,0.000000,1.000000,0.000000,0.000000,0.000000,1.000000,0.000000,0.000000,0.000000
0.225820,-0.017107,-0.012372,-0.973940,1.000000,0.000000,0.000000,0.000000,1.000000,0.000000,0.000000,0.000000,1.000000,0.000000,0.000000,0.000000,1.000000,0.000000,0.000000,0.000000,1.000000,0.000000,0.000000,0.000000,1.000000,0.000000,0.000000,0.000000,1.000000,0.000000,0.000000,0.000000,1.000000,0.000000,0.000000,0.000000,1.000000,0.000000,0.000000,0.000000,1.000000,0.000000,0.000000,0.000000,1.000000,0.000000,0.000000,0.000000,1.000000,0.000000,0.000000,0.000000,1.000000,0.000000,0.000000,0.000000
0.223866,-0.016714,-0.009289,-0.974432,1.000000,0.000000,0.000000,0.000000,1.000000,0.000000,0.000000,0.000000,1.000000,0.000000,0.000000,0.000000,1.000000,0.000000,0.000000,0.000000,1.000000,0.000000,0.000000,0.000000,1.000000,0.000000,0.000000,0.000000,1.000000,0.000000,0.000000,0.000000,1.000000,0.000000,0.000000,0.000000,1.000000,0.000000,0.000000,0.000000,1.000000,0.000000,0.000000,0.000000,1.000000,0.000000,0.000000,0.000000,1.000000,0.000000,0.000000,0.000000,1.000000,0.000000,0.000000,0.000000
0.222982,-0.017703,-0.006341,-0.974641,1.000000,0.000000,0.000000,0.000000,1.000000,0.000000,0.000000,0.000000,1.000000,0.000000,0.000000,0.000000,1.000000,0.000000,0.000000,0.000000,1.000000,0.000000,0.000000,0.000000,1.000000,0.000000,0.000000,0.000000,1.000000,0.000000,0.000000,0.000000,1.000000,0.000000,0.000000,0.000000,1.000000,0.000000,0.000000,0.000000,1.000000,0.000000,0.000000,0.000000,1.000000,0.000000,0.000000,0.000000,1.000000,0.000000,0.000000,0.000000,1.000000,0.000000,0.000000,0.000000
0.220807,-0.019049,-0.002806,-0.975128,1.000000,0.000000,0.000000,0.000000,1.000000,0.000000,0.000000,0.000000,1.000000,0.000000,0.000000,0.000000,1.000000,0.000000,0.000000,0.000000,1.000000,0.000000,0.000000,0.000000,1.000000,0.000000,0.000000,0.000000,1.000000,0.000000,0.000000,0.000000,1.000000,0.000000,0.000000,0.000000,1.000000,0.000000,0.000000,0.000000,1.000000,0.000000,0.000000,0.000000,1.000000,0.000000,0.000000,0.000000,1.000000,0.000000,0.000000,0.000000,1.000000,0.000000,0.000000,0.000000
0.219230,-0.019599,0.001088,-0.975476,1.000000,0.000000,0.000000,0.000000,1.000000,0.000000,0.000000,0.000000,1.000000,0.000000,0.000000,0.000000,1.000000,0.000000,0.000000,0.000000,1.000000,0.000000,0.000000,0.000000,1.000000,0.000000,0.000000,0.000000,1.000000,0.000000,0.000000,0.000000,1.000000,0.000000,0.000000,0.000000,1.000000,0.000000,0.000000,0.000000,1.000000,0.000000,0.000000,0.000000,1.000000,0.000000,0.000000,0.000000,1.000000,0.000000,0.000000,0.000000,1.000000,0.000000,0.000000,0.000000
0.218329,-0.019506,0.004193,-0.975671,1.000000,0.000000,0.000000,0.000000,1.000000,0.000000,0.000000,0.000000,1.000000,0.000000,0.000000,0.000000,1.000000,0.000000,0.000000,0.000000,1.000000,0.000000,0.000000,0.000000,1.000000,0.000000,0.000000,0.000000,1.000000,0.000000,0.000000,0.000000,1.000000,0.000000,0.000000,0.000000,1.000000,0.000000,0.000000,0.000000,1.000000,0.000000,0.000000,0.000000,1.000000,0.000000,0.000000,0.000000,1.000000,0.000000,0.000000,0.000000,1.000000,0.000000,0.000000,0.000000
0.214600,-0.018941,0.006866,-0.976494,1.000000,0.000000,0.000000,0.000000,1.000000,0.000000,0.000000,0.000000,1.000000,0.000000,0.000000,0.000000,1.000000,0.000000,0.000000,0.000000,1.000000,0.000000,0.000000,0.000000,1.000000,0.000000,0.000000,0.000000,1.000000,0.000000,0.000000,0.000000,1.000000,0.000000,0.000000,0.000000,1.000000,0.000000,0.000000,0.000000,1.000000,0.000000,0.000000,0.000000,1.000000,0.000000,0.000000,0.000000,1.000000,0.000000,0.000000,0.000000,1.000000,0.000000,0.000000,0.000000
0.209624,-0.018744,0.009161,-0.977559,1.000000,0.000000,0.000000,0.000000,1.000000,0.000000,0.000000,0.000000,1.000000,0.000000,0.000000,0.000000,1.000000,0.000000,0.000000,0.000000,1.000000,0.000000,0.000000,0.000000,1.000000,0.000000,0.000000,0.000000,1.000000,0.000000,0.000000,0.000000,1.000000,0.000000,0.000000,0.000000,1.000000,0.000000,0.000000,0.000000,1.000000,0.000000,0.000000,0.000000,1.000000,0.000000,0.000000,0.000000,1.000000,0.000000,0.000000,0.000000,1.000000,0.000000,0.000000,0.000000
0.203938,-0.017750,0.011331,-0.978757,1.000000,0.000000,0.000000,0.000000,1.000000,0.000000,0.000000,0.000000,1.000000,0.000000,0.000000,0.000000,1.000000,0.000000,0.000000,0.000000,1.000000,0.000000,0.000000,0.000000,1.000000,0.000000,0.000000,0.000000,1.000000,0.000000,0.000000,0.000000,1.000000,0.000000,0.000000,0.000000,1.000000,0.000000,0.000000,0.000000,1.000000,0.000000,0.000000,0.000000,1.000000,0.000000,0.000000,0.000000,1.000000,0.000000,0.000000,0.000000,1.000000,0.000000,0.000000,0.000000
0.196990,-0.015258,0.013733,-0.980191,1.000000,0.000000,0.000000,0.000000,1.000000,0.000000,0.000000,0.000000,1.000000,0.000000,0.000000,0.000000,1.000000,0.000000,0.000000,0.000000,1.000000,0.000000,0.000000,0.000000,1.000000,0.000000,0.000000,0.000000,1.000000,0.000000,0.000000,0.000000,1.000000,0.000000,0.000000,0.000000,1.000000,0.000000,0.000000,0.000000,1.000000,0.000000,0.000000,0.000000,1.000000,0.000000,0.000000,0.000000,1.000000,0.000000,0.000000,0.000000,1.000000,0.000000,0.000000,0.000000
0.192165,-0.011816,0.016532,-0.981152,1.000000,0.000000,0.000000,0.000000,1.000000,0.000000,0.000000,0.000000,1.000000,0.000000,0.000000,0.000000,1.000000,0.000000,0.000000,0.000000,1.000000,0.000000,0.000000,0.000000,1.000000,0.000000,0.000000,0.000000,1.000000,0.000000,0.000000,0.000000,1.000000,0.000000,0.000000,0.000000,1.000000,0.000000,0.000000,0.000000,1.000000,0.000000,0.000000,0.000000,1.000000,0.000000,0.000000,0.000000,1.000000,0.000000,0.000000,0.000000,1.000000,0.000000,0.000000,0.000000
0.191529,-0.007818,0.019523,-0.981262,1.000000,0.000000,0.000000,0.000000,1.000000,0.000000,0.000000,0.000000,1.000000,0.000000,0.000000,0.000000,1.000000,0.000000,0.000000,0.000000,1.000000,0.000000,0.000000,0.000000,1.000000,0.000000,0.000000,0.000000,1.000000,0.000000,0.000000,0.000000,1.000000,0.000000,0.000000,0.000000,1.000000,0.000000,0.000000,0.000000,1.000000,0.000000,0.000000,0.000000,1.000000,0.000000,0.000000,0.000000,1.000000,0.000000,0.000000,0.000000,1.000000,0.000000,0.000000,0.000000
0.190798,-0.002995,0.022211,-0.981373,1.000000,0.000000,0.000000,0.000000,1.000000,0.000000,0.000000,0.000000,1.000000,0.000000,0.000000,0.000000,1.000000,0.000000,0.000000,0.000000,1.000000,0.000000,0.000000,0.000000,1.000000,0.000000,0.000000,0.000000,1.000000,0.000000,0.000000,0.000000,1.000000,0.000000,0.000000,0.000000,1.000000,0.000000,0.000000,0.000000,1.000000,0.000000,0.000000,0.000000,1.000000,0.000000,0.000000,0.000000,1.000000,0.000000,0.000000,0.000000,1.000000,0.000000,0.000000,0.000000
0.192482,0.002016,0.023750,-0.981011,1.000000,0.000000,0.000000,0.000000,1.000000,0.000000,0.000000,0.000000,1.000000,0.000000,0.000000,0.000000,1.000000,0.000000,0.000000,0.000000,1.000000,0.000000,0.000000,0.000000,1.000000,0.000000,0.000000,0.000000,1.000000,0.000000,0.000000,0.000000,1.000000,0.000000,0.000000,0.000000,1.000000,0.000000,0.000000,0.000000,1.000000,0.000000,0.000000,0.000000,1.000000,0.000000,0.000000,0.000000,1.000000,0.000000,0.000000,0.000000,1.000000,0.000000,0.000000,0.000000
0.193330,0.007400,0.023763,-0.980818,1.000000,0.000000,0.000000,0.000000,1.000000,0.000000,0.000000,0.000000,1.000000,0.000000,0.000000,0.000000,1.000000,0.000000,0.000000,0.000000,1.000000,0.000000,0.000000,0.000000,1.000000,0.000000,0.000000,0.000000,1.000000,0.000000,0.000000,0.000000,1.000000,0.000000,0.000000,0.000000,1.000000,0.000000,0.000000,0.000000,1.000000,0.000000,0.000000,0.000000,1.000000,0.000000,0.000000,0.000000,1.000000,0.000000,0.000000,0.000000,1.000000,0.000000,0.000000,0.000000
0.193834,0.010838,0.022642,-0.980713,1.000000,0.000000,0.000000,0.000000,1.000000,0.000000,0.000000,0.000000,1.000000,0.000000,0.000000,0.000000,1.000000,0.000000,0.000000,0.000000,1.000000,0.000000,0.000000,0.000000,1.000000,0.000000,0.000000,0.000000,1.000000,0.000000,0.000000,0.000000,1.000000,0.000000,0.000000,0.000000,1.000000,0.000000,0.000000,0.000000,1.000000,0.000000,0.000000,0.000000,1.000000,0.000000,0.000000,0.000000,1.000000,0.000000,0.000000,0.000000,1.000000,0.000000,0.000000,0.000000
0.194362,0.013128,0.020309,-0.980632,1.000000,0.000000,0.000000,0.000000,1.000000,0.000000,0.000000,0.000000,1.000000,0.000000,0.000000,0.000000,1.000000,0.000000,0.000000,0.000000,1.000000,0.000000,0.000000,0.000000,1.000000,0.000000,0.000000,0.000000,1.000000,0.000000,0.000000,0.000000,1.000000,0.000000,0.000000,0.000000,1.000000,0.000000,0.000000,0.000000,1.000000,0.000000,0.000000,0.000000,1.000000,0.000000,0.000000,0.000000,1.000000,0.000000,0.000000,0.000000,1.000000,0.000000,0.000000,0.000000
0.192911,0.013757,0.018268,-0.980950,1.000000,0.000000,0.000000,0.000000,1.000000,0.000000,0.000000,0.000000,1.000000,0.000000,0.000000,0.000000,1.000000,0.000000,0.000000,0.000000,1.000000,0.000000,0.000000,0.000000,1.000000,0.000000,0.000000,0.000000,1.000000,0.000000,0.000000,0.000000,1.000000,0.000000,0.000000,0.000000,1.000000,0.000000,0.000000,0.000000,1.000000,0.000000,0.000000,0.000000,1.000000,0.000000,0.000000,0.000000,1.000000,0.000000,0.000000,0.000000,1.000000,0.000000,0.000000,0.000000
0.193805,0.014140,0.016954,-0.980792,1.000000,0.000000,0.000000,0.000000,1.000000,0.000000,0.000000,0.000000,1.000000,0.000000,0.000000,0.000000,1.000000,0.000000,0.000000,0.000000,1.000000,0.000000,0.000000,0.000000,1.000000,0.000000,0.000000,0.000000,1.000000,0.000000,0.000000,0.000000,1.000000,0.000000,0.000000,0.000000,1.000000,0.000000,0.000000,0.000000,1.000000,0.000000,0.000000,0.000000,1.000000,0.000000,0.000000,0.000000,1.000000,0.000000,0.000000,0.000000,1.000000,0.000000,0.000000,0.000000
0.198315,0.013839,0.016760,-0.979897,1.000000,0.000000,0.000000,0.000000,1.000000,0.000000,0.000000,0.000000,1.000000,0.000000,0.000000,0.000000,1.000000,0.000000,0.000000,0.000000,1.000000,0.000000,0.000000,0.000000,1.000000,0.000000,0.000000,0.000000,1.000000,0.000000,0.000000,0.000000,1.000000,0.000000,0.000000,0.000000,1.000000,0.000000,0.000000,0.000000,1.000000,0.000000,0.000000,0.000000,1.000000,0.000000,0.000000,0.000000,1.000000,0.000000,0.000000,0.000000,1.000000,0.000000,0.000000,0.000000
0.203721,0.012634,0.017752,-0.978787,1.000000,0.000000,0.000000,0.000000,1.000000,0.000000,0.000000,0.000000,1.000000,0.000000,0.000000,0.000000,1.000000,0.000000,0.000000,0.000000,1.000000,0.000000,0.000000,0.000000,1.000000,0.000000,0.000000,0.000000,1.000000,0.000000,0.000000,0.000000,1.000000,0.000000,0.000000,0.000000,1.000000,0.000000,0.000000,0.000000,1.000000,0.000000,0.000000,0.000000,1.000000,0.000000,0.000000,0.000000,1.000000,0.000000,0.000000,0.000000,1.000000,0.000000,0.000000,0.000000
0.213313,0.011288,0.018906,-0.976736,1.000000,0.000000,0.000000,0.000000,1.000000,0.000000,0.000000,0.000000,1.000000,0.000000,0.000000,0.000000,1.000000,0.000000,0.000000,0.000000,1.000000,0.000000,0.000000,0.000000,1.000000,0.000000,0.000000,0.000000,1.000000,0.000000,0.000000,0.000000,1.000000,0.000000,0.000000,0.000000,1.000000,0.000000,0.000000,0.000000,1.000000,0.000000,0.000000,0.000000,1.000000,0.000000,0.000000,0.000000,1.000000,0.000000,0.000000,0.000000,1.000000,0.000000,0.000000,0.000000
0.223319,0.009510,0.021548,-0.974461,1.000000,0.000000,0.000000,0.000000,1.000000,0.000000,0.000000,0.000000,1.000000,0.000000,0.000000,0.000000,1.000000,0.000000,0.000000,0.000000,1.000000,0.000000,0.000000,0.000000,1.000000,0.000000,0.000000,0.000000,1.000000,0.000000,0.000000,0.000000,1.000000,0.000000,0.000000,0.000000,1.000000,0.000000,0.000000,0.000000,1.000000,0.000000,0.000000,0.000000,1.000000,0.000000,0.000000,0.000000,1.000000,0.000000,0.000000,0.000000,1.000000,0.000000,0.000000,0.000000
0.231472,0.006500,0.024918,-0.972501,1.000000,0.000000,0.000000,0.000000,1.000000,0.000000,0.000000,0.000000,1.000000,0.000000,0.000000,0.000000,1.000000,0.000000,0.000000,0.000000,1.000000,0.000000,0.000000,0.000000,1.000000,0.000000,0.000000,0.000000,1.000000,0.000000,0.000000,0.000000,1.000000,0.000000,0.000000,0.000000,1.000000,0.000000,0.000000,0.000000,1.000000,0.000000,0.000000,0.000000,1.000000,0.000000,0.000000,0.000000,1.000000,0.000000,0.000000,0.000000,1.000000,0.000000,0.000000,0.000000
0.239505,0.003111,0.027523,-0.970500,1.000000,0.000000,0.000000,0.000000,1.000000,0.000000,0.000000,0.000000,1.000000,0.000000,0.000000,0.000000,1.000000,0.000000,0.000000,0.000000,1.000000,0.000000,0.000000,0.000000,1.000000,0.000000,0.000000,0.000000,1.000000,0.000000,0.000000,0.000000,1.000000,0.000000,0.000000,0.000000,1.000000,0.000000,0.000000,0.000000,1.000000,0.000000,0.000000,0.000000,1.000000,0.000000,0.000000,0.000000,1.000000,0.000000,0.000000,0.000000,1.000000,0.000000,0.000000,0.000000
0.245579,0.000336,0.029276,-0.968934,1.000000,0.000000,0.000000,0.000000,1.000000,0.000000,0.000000,0.000000,1.000000,0.000000,0.000000,0.000000,1.000000,0.000000,0.000000,0.000000,1.000000,0.000000,0.000000,0.000000,1.000000,0.000000,0.000000,0.000000,1.000000,0.000000,0.000000,0.000000,1.000000,0.000000,0.000000,0.000000,1.000000,0.000000,0.000000,0.000000,1.000000,0.000000,0.000000,0.000000,1.000000,0.000000,0.000000,0.000000,1.000000,0.000000,0.000000,0.000000,1.000000,0.000000,0.000000,0.000000
0.250183,-0.001262,0.029615,-0.967745,1.000000,0.000000,0.000000,0.000000,1.000000,0.000000,0.000000,0.000000,1.000000,0.000000,0.000000,0.000000,1.000000,0.000000,0.000000,0.000000,1.000000,0.000000,0.000000,0.000000,1.000000,0.000000,0.000000,0.000000,1.000000,0.000000,0.000000,0.000000,1.000000,0.000000,0.000000,0.000000,1.000000,0.000000,0.000000,0.000000,1.000000,0.000000,0.000000,0.000000,1.000000,0.000000,0.000000,0.000000,1.000000,0.000000,0.000000,0.000000,1.000000,0.000000,0.000000,0.000000
0.255305,-0.002322,0.029040,-0.966422,1.000000,0.000000,0.000000,0.000000,1.000000,0.000000,0.000000,0.000000,1.000000,0.000000,0.000000,0.000000,1.000000,0.000000,0.000000,0.000000,1.000000,0.000000,0.000000,0.000000,1.000000,0.000000,0.000000,0.000000,1.000000,0.000000,0.000000,0.000000,1.000000,0.000000,0.000000,0.000000,1.000000,0.000000,0.000000,0.000000,1.000000,0.000000,0.000000,0.000000,1.000000,0.000000,0.000000,0.000000,1.000000,0.000000,0.000000,0.000000,1.000000,0.000000,0.000000,0.000000
0.260615,-0.002802,0.028012,-0.965032,1.000000,0.000000,0.000000,0.000000,1.000000,0.000000,0.000000,0.000000,1.000000,0.000000,0.000000,0.000000,1.000000,0.000000,0.000000,0.000000,1.000000,0.000000,0.000000,0.000000,1.000000,0.000000,0.000000,0.000000,1.000000,0.000000,0.000000,0.000000,1.000000,0.000000,0.000000,0.000000,1.000000,0.000000,0.000000,0.000000,1.000000,0.000000,0.000000,0.000000,1.000000,0.000000,0.000000,0.000000,1.000000,0.000000,0.000000,0.000000,1.000000,0.000000,0.000000,0.000000
0.267102,-0.002506,0.026956,-0.963288,1.000000,0.000000,0.000000,0.000000,1.000000,0.000000,0.000000,0.000000,1.000000,0.000000,0.000000,0.000000,1.000000,0.000000,0.000000,0.000000,1.000000,0.000000,0.000000,0.000000,1.000000,0.000000,0.000000,0.000000,1.000000,0.000000,0.000000,0.000000,1.000000,0.000000,0.000000,0.000000,1.000000,0.000000,0.000000,0.000000,1.000000,0.000000,0.000000,0.000000,1.000000,0.000000,0.000000,0.000000,1.000000,0.000000,0.000000,0.000000,1.000000,0.000000,0.000000,0.000000
0.274261,-0.001887,0.027032,-0.961273,1.000000,0.000000,0.000000,0.000000,1.000000,0.000000,0.000000,0.000000,1.000000,0.000000,0.000000,0.000000,1.000000,0.000000,0.000000,0.000000,1.000000,0.000000,0.000000,0.000000,1.000000,0.000000,0.000000,0.000000,1.000000,0.000000,0.000000,0.000000,1.000000,0.000000,0.000000,0.000000,1.000000,0.000000,0.000000,0.000000,1.000000,0.000000,0.000000,0.000000,1.000000,0.000000,0.000000,0.000000,1.000000,0.000000,0.000000,0.000000,1.000000,0.000000,0.000000,0.000000
0.280574,-0.001205,0.027210,-0.959446,1.000000,0.000000,0.000000,0.000000,1.000000,0.000000,0.000000,0.000000,1.000000,0.000000,0.000000,0.000000,1.000000,0.000000,0.000000,0.000000,1.000000,0.000000,0.000000,0.000000,1.000000,0.000000,0.000000,0.000000,1.000000,0.000000,0.000000,0.000000,1.000000,0.000000,0.000000,0.000000,1.000000,0.000000,0.000000,0.000000,1.000000,0.000000,0.000000,0.000000,1.000000,0.000000,0.000000,0.000000,1.000000,0.000000,0.000000,0.000000,1.000000,0.000000,0.000000,0.000000
0.286653,0.000001,0.027523,-0.957639,1.000000,0.000000,0.000000,0.000000,1.000000,0.000000,0.000000,0.000000,1.000000,0.000000,0.000000,0.000000,1.000000,0.000000,0.000000,0.000000,1.000000,0.000000,0.000000,0.000000,1.000000,0.000000,0.000000,0.000000,1.000000,0.000000,0.000000,0.000000,1.000000,0.000000,0.000000,0.000000,1.000000,0.000000,0.000000,0.000000,1.000000,0.000000,0.000000,0.000000,1.000000,0.000000,0.000000,0.000000,1.000000,0.000000,0.000000,0.000000,1.000000,0.000000,0.000000,0.000000
0.293099,0.001734,0.027032,-0.955698,1.000000,0.000000,0.000000,0.000000,1.000000,0.000000,0.000000,0.000000,1.000000,0.000000,0.000000,0.000000,1.000000,0.000000,0.000000,0.000000,1.000000,0.000000,0.000000,0.000000,1.000000,0.000000,0.000000,0.000000,1.000000,0.000000,0.000000,0.000000,1.000000,0.000000,0.000000,0.000000,1.000000,0.000000,0.000000,0.000000,1.000000,0.000000,0.000000,0.000000,1.000000,0.000000,0.000000,0.000000,1.000000,0.000000,0.000000,0.000000,1.000000,0.000000,0.000000,0.000000
0.297111,0.003383,0.026314,-0.954474,1.000000,0.000000,0.000000,0.000000,1.000000,0.000000,0.000000,0.000000,1.000000,0.000000,0.000000,0.000000,1.000000,0.000000,0.000000,0.000000,1.000000,0.000000,0.000000,0.000000,1.000000,0.000000,0.000000,0.000000,1.000000,0.000000,0.000000,0.000000,1.000000,0.000000,0.000000,0.000000,1.000000,0.000000,0.000000,0.000000,1.000000,0.000000,0.000000,0.000000,1.000000,0.000000,0.000000,0.000000,1.000000,0.000000,0.000000,0.000000,1.000000,0.000000,0.000000,0.000000
0.299853,0.004600,0.023545,-0.953684,1.000000,0.000000,0.000000,0.000000,1.000000,0.000000,0.000000,0.000000,1.000000,0.000000,0.000000,0.000000,1.000000,0.000000,0.000000,0.000000,1.000000,0.000000,0.000000,0.000000,1.000000,0.000000,0.000000,0.000000,1.000000,0.000000,0.000000,0.000000,1.000000,0.000000,0.000000,0.000000,1.000000,0.000000,0.000000,0.000000,1.000000,0.000000,0.000000,0.000000,1.000000,0.000000,0.000000,0.000000,1.000000,0.000000,0.000000,0.000000,1.000000,0.000000,0.000000,0.000000
0.298492,0.005342,0.018023,-0.954227,1.000000,0.000000,0.000000,0.000000,1.000000,0.000000,0.000000,0.000000,1.000000,0.000000,0.000000,0.000000,1.000000,0.000000,0.000000,0.000000,1.000000,0.000000,0.000000,0.000000,1.000000,0.000000,0.000000,0.000000,1.000000,0.000000,0.000000,0.000000,1.000000,0.000000,0.000000,0.000000,1.000000,0.000000,0.000000,0.000000,1.000000,0.000000,0.000000,0.000000,1.000000,0.000000,0.000000,0.000000,1.000000,0.000000,0.000000,0.000000,1.000000,0.000000,0.000000,0.000000
0.295501,0.004691,0.011769,-0.955259,1.000000,0.000000,0.000000,0.000000,1.000000,0.000000,0.000000,0.000000,1.000000,0.000000,0.000000,0.000000,1.000000,0.000000,0.000000,0.000000,1.000000,0.000000,0.000000,0.000000,1.000000,0.000000,0.000000,0.000000,1.000000,0.000000,0.000000,0.000000,1.000000,0.000000,0.000000,0.000000,1.000000,0.000000,0.000000,0.000000,1.000000,0.000000,0.000000,0.000000,1.000000,0.000000,0.000000,0.000000,1.000000,0.000000,0.000000,0.000000,1.000000,0.000000,0.000000,0.000000
0.287902,0.002476,0.004783,-0.957645,1.000000,0.000000,0.000000,0.000000,1.000000,0.000000,0.000000,0.000000,1.000000,0.000000,0.000000,0.000000,1.000000,0.000000,0.000000,0.000000,1.000000,0.000000,0.000000,0.000000,1.000000,0.000000,0.000000,0.000000,1.000000,0.000000,0.000000,0.000000,1.000000,0.000000,0.000000,0.000000,1.000000,0.000000,0.000000,0.000000,1.000000,0.000000,0.000000,0.000000,1.000000,0.000000,0.000000,0.000000,1.000000,0.000000,0.000000,0.000000,1.000000,0.000000,0.000000,0.000000
0.275351,-0.000435,-0.001248,-0.961343,1.000000,0.000000,0.000000,0.000000,1.000000,0.000000,0.000000,0.000000,1.000000,0.000000,0.000000,0.000000,1.000000,0.000000,0.000000,0.000000,1.000000,0.000000,0.000000,0.000000,1.000000,0.000000,0.000000,0.000000,1.000000,0.000000,0.000000,0.000000,1.000000,0.000000,0.000000,0.000000,1.000000,0.000000,0.000000,0.000000,1.000000,0.000000,0.000000,0.000000,1.000000,0.000000,0.000000,0.000000,1.000000,0.000000,0.000000,0.000000,1.000000,0.000000,0.000000,0.000000
0.261054,-0.002660,-0.004782,-0.965309,1.000000,0.000000,0.000000,0.000000,1.000000,0.000000,0.000000,0.000000,1.000000,0.000000,0.000000,0.000000,1.000000,0.000000,0.000000,0.000000,1.000000,0.000000,0.000000,0.000000,1.000000,0.000000,0.000000,0.000000,1.000000,0.000000,0.000000,0.000000,1.000000,0.000000,0.000000,0.000000,1.000000,0.000000,0.000000,0.000000,1.000000,0.000000,0.000000,0.000000,1.000000,0.000000,0.000000,0.000000,1.000000,0.000000,0.000000,0.000000,1.000000,0.000000,0.000000,0.000000
0.250196,-0.003792,-0.006437,-0.968166,1.000000,0.000000,0.000000,0.000000,1.000000,0.000000,0.000000,0.000000,1.000000,0.000000,0.000000,0.000000,1.000000,0.000000,0.000000,0.000000,1.000000,0.000000,0.000000,0.000000,1.000000,0.000000,0.000000,0.000000,1.000000,0.000000,0.000000,0.000000,1.000000,0.000000,0.000000,0.000000,1.000000,0.000000,0.000000,0.000000,1.000000,0.000000,0.000000,0.000000,1.000000,0.000000,0.000000,0.000000,1.000000,0.000000,0.000000,0.000000,1.000000,0.000000,0.000000,0.000000
0.241716,-0.003616,-0.005593,-0.970324,1.000000,0.000000,0.000000,0.000000,1.000000,0.000000,0.000000,0.000000,1.000000,0.000000,0.000000,0.000000,1.000000,0.000000,0.000000,0.000000,1.000000,0.000000,0.000000,0.000000,1.000000,0.000000,0.000000,0.000000,1.000000,0.000000,0.000000,0.000000,1.000000,0.000000,0.000000,0.000000,1.000000,0.000000,0.000000,0.000000,1.000000,0.000000,0.000000,0.000000,1.000000,0.000000,0.000000,0.000000,1.000000,0.000000,0.000000,0.000000,1.000000,0.000000,0.000000,0.000000
0.236129,-0.002973,-0.004595,-0.971706,1.000000,0.000000,0.000000,0.000000,1.000000,0.000000,0.000000,0.000000,1.000000,0.000000,0.000000,0.000000,1.000000,0.000000,0.000000,0.000000,1.000000,0.000000,0.000000,0.000000,1.000000,0.000000,0.000000,0.000000,1.000000,0.000000,0.000000,0.000000,1.000000,0.000000,0.000000,0.000000,1.000000,0.000000,0.000000,0.000000,1.000000,0.000000,0.000000,0.000000,1.000000,0.000000,0.000000,0.000000,1.000000,0.000000,0.000000,0.000000,1.000000,0.000000,0.000000,0.000000
0.231335,-0.002252,-0.003715,-0.972864,1.000000,0.000000,0.000000,0.000000,1.000000,0.000000,0.000000,0.000000,1.000000,0.000000,0.000000,0.000000,1.000000,0.000000,0.000000,0.000000,1.000000,0.000000,0.000000,0.000000,1.000000,0.000000,0.000000,0.000000,1.000000,0.000000,0.000000,0.000000,1.000000,0.000000,0.000000,0.000000,1.000000,0.000000,0.000000,0.000000,1.000000,0.000000,0.000000,0.000000,1.000000,0.000000,0.000000,0.000000,1.000000,0.000000,0.000000,0.000000,1.000000,0.000000,0.000000,0.000000
0.229396,-0.002516,-0.001764,-0.973328,1.000000,0.000000,0.000000,0.000000,1.000000,0.000000,0.000000,0.000000,1.000000,0.000000,0.000000,0.000000,1.000000,0.000000,0.000000,0.000000,1.000000,0.000000,0.000000,0.000000,1.000000,0.000000,0.000000,0.000000,1.000000,0.000000,0.000000,0.000000,1.000000,0.000000,0.000000,0.000000,1.000000,0.000000,0.000000,0.000000,1.000000,0.000000,0.000000,0.000000,1.000000,0.000000,0.000000,0.000000,1.000000,0.000000,0.000000,0.000000,1.000000,0.000000,0.000000,0.000000
0.225691,-0.005060,0.001175,-0.974185,1.000000,0.000000,0.000000,0.000000,1.000000,0.000000,0.000000,0.000000,1.000000,0.000000,0.000000,0.000000,1.000000,0.000000,0.000000,0.000000,1.000000,0.000000,0.000000,0.000000,1.000000,0.000000,0.000000,0.000000,1.000000,0.000000,0.000000,0.000000,1.000000,0.000000,0.000000,0.000000,1.000000,0.000000,0.000000,0.000000,1.000000,0.000000,0.000000,0.000000,1.000000,0.000000,0.000000,0.000000,1.000000,0.000000,0.000000,0.000000,1.000000,0.000000,0.000000,0.000000
0.220111,-0.007990,0.005400,-0.975427,1.000000,0.000000,0.000000,0.000000,1.000000,0.000000,0.000000,0.000000,1.000000,0.000000,0.000000,0.000000,1.000000,0.000000,0.000000,0.000000,1.000000,0.000000,0.000000,0.000000,1.000000,0.000000,0.000000,0.000000,1.000000,0.000000,0.000000,0.000000,1.000000,0.000000,0.000000,0.000000,1.000000,0.000000,0.000000,0.000000,1.000000,0.000000,0.000000,0.000000,1.000000,0.000000,0.000000,0.000000,1.000000,0.000000,0.000000,0.000000,1.000000,0.000000,0.000000,0.000000
0.215465,-0.010975,0.009864,-0.976400,1.000000,0.000000,0.000000,0.000000,1.000000,0.000000,0.000000,0.000000,1.000000,0.000000,0.000000,0.000000,1.000000,0.000000,0.000000,0.000000,1.000000,0.000000,0.000000,0.000000,1.000000,0.000000,0.000000,0.000000,1.000000,0.000000,0.000000,0.000000,1.000000,0.000000,0.000000,0.000000,1.000000,0.000000,0.000000,0.000000,1.000000,0.000000,0.000000,0.000000,1.000000,0.000000,0.000000,0.000000,1.000000,0.000000,0.000000,0.000000,1.000000,0.000000,0.000000,0.000000
0.212844,-0.012947,0.013006,-0.976914,1.000000,0.000000,0.000000,0.000000,1.000000,0.000000,0.000000,0.000000,1.000000,0.000000,0.000000,0.000000,1.000000,0.000000,0.000000,0.000000,1.000000,0.000000,0.000000,0.000000,1.000000,0.000000,0.000000,0.000000,1.000000,0.000000,0.000000,0.000000,1.000000,0.000000,0.000000,0.000000,1.000000,0.000000,0.000000,0.000000,1.000000,0.000000,0.000000,0.000000,1.000000,0.000000,0.000000,0.000000,1.000000,0.000000,0.000000,0.000000,1.000000,0.000000,0.000000,0.000000
0.212222,-0.014198,0.015140,-0.977001,1.000000,0.000000,0.000000,0.000000,1.000000,0.000000,0.000000,0.000000,1.000000,0.000000,0.000000,0.000000,1.000000,0.000000,0.000000,0.000000,1.000000,0.000000,0.000000,0.000000,1.000000,0.000000,0.000000,0.000000,1.000000,0.000000,0.000000,0.000000,1.000000,0.000000,0.000000,0.000000,1.000000,0.000000,0.000000,0.000000,1.000000,0.000000,0.000000,0.000000,1.000000,0.000000,0.000000,0.000000,1.000000,0.000000,0.000000,0.000000,1.000000,0.000000,0.000000,0.000000
0.212508,-0.014737,0.016729,-0.976905,1.000000,0.000000,0.000000,0.000000,1.000000,0.000000,0.000000,0.000000,1.000000,0.000000,0.000000,0.000000,1.000000,0.000000,0.000000,0.000000,1.000000,0.000000,0.000000,0.000000,1.000000,0.000000,0.000000,0.000000,1.000000,0.000000,0.000000,0.000000,1.000000,0.000000,0.000000,0.000000,1.000000,0.000000,0.000000,0.000000,1.000000,0.000000,0.000000,0.000000,1.000000,0.000000,0.000000,0.000000,1.000000,0.000000,0.000000,0.000000,1.000000,0.000000,0.000000,0.000000
0.211980,-0.014427,0.018376,-0.976995,1.000000,0.000000,0.000000,0.000000,1.000000,0.000000,0.000000,0.000000,1.000000,0.000000,0.000000,0.000000,1.000000,0.000000,0.000000,0.000000,1.000000,0.000000,0.000000,0.000000,1.000000,0.000000,0.000000,0.000000,1.000000,0.000000,0.000000,0.000000,1.000000,0.000000,0.000000,0.000000,1.000000,0.000000,0.000000,0.000000,1.000000,0.000000,0.000000,0.000000,1.000000,0.000000,0.000000,0.000000,1.000000,0.000000,0.000000,0.000000,1.000000,0.000000,0.000000,0.000000
0.212924,-0.012519,0.019930,-0.976785,1.000000,0.000000,0.000000,0.000000,1.000000,0.000000,0.000000,0.000000,1.000000,0.000000,0.000000,0.000000,1.000000,0.000000,0.000000,0.000000,1.000000,0.000000,0.000000,0.000000,1.000000,0.000000,0.000000,0.000000,1.000000,0.000000,0.000000,0.000000,1.000000,0.000000,0.000000,0.000000,1.000000,0.000000,0.000000,0.000000,1.000000,0.000000,0.000000,0.000000,1.000000,0.000000,0.000000,0.000000,1.000000,0.000000,0.000000,0.000000,1.000000,0.000000,0.000000,0.000000
0.212493,-0.010180,0.022395,-0.976853,1.000000,0.000000,0.000000,0.000000,1.000000,0.000000,0.000000,0.000000,1.000000,0.000000,0.000000,0.000000,1.000000,0.000000,0.000000,0.000000,1.000000,0.000000,0.000000,0.000000,1.000000,0.000000,0.000000,0.000000,1.000000,0.000000,0.000000,0.000000,1.000000,0.000000,0.000000,0.000000,1.000000,0.000000,0.000000,0.000000,1.000000,0.000000,0.000000,0.000000,1.000000,0.000000,0.000000,0.000000,1.000000,0.000000,0.000000,0.000000,1.000000,0.000000,0.000000,0.000000
0.210720,-0.007469,0.025610,-0.977182,1.000000,0.000000,0.000000,0.000000,1.000000,0.000000,0.000000,0.000000,1.000000,0.000000,0.000000,0.000000,1.000000,0.000000,0.000000,0.000000,1.000000,0.000000,0.000000,0.000000,1.000000,0.000000,0.000000,0.000000,1.000000,0.000000,0.000000,0.000000,1.000000,0.000000,0.000000,0.000000,1.000000,0.000000,0.000000,0.000000,1.000000,0.000000,0.000000,0.000000,1.000000,0.000000,0.000000,0.000000,1.000000,0.000000,0.000000,0.000000,1.000000,0.000000,0.000000,0.000000
0.208575,-0.004611,0.028985,-0.977566,1.000000,0.000000,0.000000,0.000000,1.000000,0.000000,0.000000,0.000000,1.000000,0.000000,0.000000,0.000000,1.000000,0.000000,0.000000,0.000000,1.000000,0.000000,0.000000,0.000000,1.000000,0.000000,0.000000,0.000000,1.000000,0.000000,0.000000,0.000000,1.000000,0.000000,0.000000,0.000000,1.000000,0.000000,0.000000,0.000000,1.000000,0.000000,0.000000,0.000000,1.000000,0.000000,0.000000,0.000000,1.000000,0.000000,0.000000,0.000000,1.000000,0.000000,0.000000,0.000000
0.205884,-0.001188,0.031569,-0.978066,1.000000,0.000000,0.000000,0.000000,1.000000,0.000000,0.000000,0.000000,1.000000,0.000000,0.000000,0.000000,1.000000,0.000000,0.000000,0.000000,1.000000,0.000000,0.000000,0.000000,1.000000,0.000000,0.000000,0.000000,1.000000,0.000000,0.000000,0.000000,1.000000,0.000000,0.000000,0.000000,1.000000,0.000000,0.000000,0.000000,1.000000,0.000000,0.000000,0.000000,1.000000,0.000000,0.000000,0.000000,1.000000,0.000000,0.000000,0.000000,1.000000,0.000000,0.000000,0.000000
0.203172,0.001986,0.032989,-0.978585,1.000000,0.000000,0.000000,0.000000,1.000000,0.000000,0.000000,0.000000,1.000000,0.000000,0.000000,0.000000,1.000000,0.000000,0.000000,0.000000,1.000000,0.000000,0.000000,0.000000,1.000000,0.000000,0.000000,0.000000,1.000000,0.000000,0.000000,0.000000,1.000000,0.000000,0.000000,0.000000,1.000000,0.000000,0.000000,0.000000,1.000000,0.000000,0.000000,0.000000,1.000000,0.000000,0.000000,0.000000,1.000000,0.000000,0.000000,0.000000,1.000000,0.000000,0.000000,0.000000
0.198865,0.004730,0.032875,-0.979464,1.000000,0.000000,0.000000,0.000000,1.000000,0.000000,0.000000,0.000000,1.000000,0.000000,0.000000,0.000000,1.000000,0.000000,0.000000,0.000000,1.000000,0.000000,0.000000,0.000000,1.000000,0.000000,0.000000,0.000000,1.000000,0.000000,0.000000,0.000000,1.000000,0.000000,0.000000,0.000000,1.000000,0.000000,0.000000,0.000000,1.000000,0.000000,0.000000,0.000000,1.000000,0.000000,0.000000,0.000000,1.000000,0.000000,0.000000,0.000000,1.000000,0.000000,0.000000,0.000000
0.194626,0.006600,0.031626,-0.980345,1.000000,0.000000,0.000000,0.000000,1.000000,0.000000,0.000000,0.000000,1.000000,0.000000,0.000000,0.000000,1.000000,0.000000,0.000000,0.000000,1.000000,0.000000,0.000000,0.000000,1.000000,0.000000,0.000000,0.000000,1.000000,0.000000,0.000000,0.000000,1.000000,0.000000,0.000000,0.000000,1.000000,0.000000,0.000000,0.000000,1.000000,0.000000,0.000000,0.000000,1.000000,0.000000,0.000000,0.000000,1.000000,0.000000,0.000000,0.000000,1.000000,0.000000,0.000000,0.000000
0.193211,0.007633,0.029443,-0.980686,1.000000,0.000000,0.000000,0.000000,1.000000,0.000000,0.000000,0.000000,1.000000,0.000000,0.000000,0.000000,1.000000,0.000000,0.000000,0.000000,1.000000,0.000000,0.000000,0.000000,1.000000,0.000000,0.000000,0.000000,1.000000,0.000000,0.000000,0.000000,1.000000,0.000000,0.000000,0.000000,1.000000,0.000000,0.000000,0.000000,1.000000,0.000000,0.000000,0.000000,1.000000,0.000000,0.000000,0.000000,1.000000,0.000000,0.000000,0.000000,1.000000,0.000000,0.000000,0.000000
0.193948,0.008446,0.027151,-0.980600,1.000000,0.000000,0.000000,0.000000,1.000000,0.000000,0.000000,0.000000,1.000000,0.000000,0.000000,0.000000,1.000000,0.000000,0.000000,0.000000,1.000000,0.000000,0.000000,0.000000,1.000000,0.000000,0.000000,0.000000,1.000000,0.000000,0.000000,0.000000,1.000000,0.000000,0.000000,0.000000,1.000000,0.000000,0.000000,0.000000,1.000000,0.000000,0.000000,0.000000,1.000000,0.000000,0.000000,0.000000,1.000000,0.000000,0.000000,0.000000,1.000000,0.000000,0.000000,0.000000
0.195816,0.008268,0.026036,-0.980260,1.000000,0.000000,0.000000,0.000000,1.000000,0.000000,0.000000,0.000000,1.000000,0.000000,0.000000,0.000000,1.000000,0.000000,0.000000,0.000000,1.000000,0.000000,0.000000,0.000000,1.000000,0.000000,0.000000,0.000000,1.000000,0.000000,0.000000,0.000000,1.000000,0.000000,0.000000,0.000000,1.000000,0.000000,0.000000,0.000000,1.000000,0.000000,0.000000,0.000000,1.000000,0.000000,0.000000,0.000000,1.000000,0.000000,0.000000,0.000000,1.000000,0.000000,0.000000,0.000000
0.200716,0.007765,0.025987,-0.979274,1.000000,0.000000,0.000000,0.000000,1.000000,0.000000,0.000000,0.000000,1.000000,0.000000,0.000000,0.000000,1.000000,0.000000,0.000000,0.000000,1.000000,0.000000,0.000000,0.000000,1.000000,0.000000,0.000000,0.000000,1.000000,0.000000,0.000000,0.000000,1.000000,0.000000,0.000000,0.000000,1.000000,0.000000,0.000000,0.000000,1.000000,0.000000,0.000000,0.000000,1.000000,0.000000,0.000000,0.000000,1.000000,0.000000,0.000000,0.000000,1.000000,0.000000,0.000000,0.000000
0.209186,0.007143,0.027046,-0.977476,1.000000,0.000000,0.000000,0.000000,1.000000,0.000000,0.000000,0.000000,1.000000,0.000000,0.000000,0.000000,1.000000,0.000000,0.000000,0.000000,1.000000,0.000000,0.000000,0.000000,1.000000,0.000000,0.000000,0.000000,1.000000,0.000000,0.000000,0.000000,1.000000,0.000000,0.000000,0.000000,1.000000,0.000000,0.000000,0.000000,1.000000,0.000000,0.000000,0.000000,1.000000,0.000000,0.000000,0.000000,1.000000,0.000000,0.000000,0.000000,1.000000,0.000000,0.000000,0.000000
0.217790,0.006514,0.028768,-0.975550,1.000000,0.000000,0.000000,0.000000,1.000000,0.000000,0.000000,0.000000,1.000000,0.000000,0.000000,0.000000,1.000000,0.000000,0.000000,0.000000,1.000000,0.000000,0.000000,0.000000,1.000000,0.000000,0.000000,0.000000,1.000000,0.000000,0.000000,0.000000,1.000000,0.000000,0.000000,0.000000,1.000000,0.000000,0.000000,0.000000,1.000000,0.000000,0.000000,0.000000,1.000000,0.000000,0.000000,0.000000,1.000000,0.000000,0.000000,0.000000,1.000000,0.000000,0.000000,0.000000
0.225775,0.006258,0.029777,-0.973704,1.000000,0.000000,0.000000,0.000000,1.000000,0.000000,0.000000,0.000000,1.000000,0.000000,0.000000,0.000000,1.000000,0.000000,0.000000,0.000000,1.000000,0.000000,0.000000,0.000000,1.000000,0.000000,0.000000,0.000000,1.000000,0.000000,0.000000,0.000000,1.000000,0.000000,0.000000,0.000000,1.000000,0.000000,0.000000,0.000000,1.000000,0.000000,0.000000,0.000000,1.000000,0.000000,0.000000,0.000000,1.000000,0.000000,0.000000,0.000000,1.000000,0.000000,0.000000,0.000000
0.232931,0.006130,0.029791,-0.972018,1.000000,0.000000,0.000000,0.000000,1.000000,0.000000,0.000000,0.000000,1.000000,0.000000,0.000000,0.000000,1.000000,0.000000,0.000000,0.000000,1.000000,0.000000,0.000000,0.000000,1.000000,0.000000,0.000000,0.000000,1.000000,0.000000,0.000000,0.000000,1.000000,0.000000,0.000000,0.000000,1.000000,0.000000,0.000000,0.000000,1.000000,0.000000,0.000000,0.000000,1.000000,0.000000,0.000000,0.000000,1.000000,0.000000,0.000000,0.000000,1.000000,0.000000,0.000000,0.000000
0.241791,0.006129,0.027192,-0.969928,1.000000,0.000000,0.000000,0.000000,1.000000,0.000000,0.000000,0.000000,1.000000,0.000000,0.000000,0.000000,1.000000,0.000000,0.000000,0.000000,1.000000,0.000000,0.000000,0.000000,1.000000,0.000000,0.000000,0.000000,1.000000,0.000000,0.000000,0.000000,1.000000,0.000000,0.000000,0.000000,1.000000,0.000000,0.000000,0.000000,1.000000,0.000000,0.000000,0.000000,1.000000,0.000000,0.000000,0.000000,1.000000,0.000000,0.000000,0.000000,1.000000,0.000000,0.000000,0.000000
0.248742,0.005735,0.025169,-0.968226,1.000000,0.000000,0.000000,0.000000,1.000000,0.000000,0.000000,0.000000,1.000000,0.000000,0.000000,0.000000,1.000000,0.000000,0.000000,0.000000,1.000000,0.000000,0.000000,0.000000,1.000000,0.000000,0.000000,0.000000,1.000000,0.000000,0.000000,0.000000,1.000000,0.000000,0.000000,0.000000,1.000000,0.000000,0.000000,0.000000,1.000000,0.000000,0.000000,0.000000,1.000000,0.000000,0.000000,0.000000,1.000000,0.000000,0.000000,0.000000,1.000000,0.000000,0.000000,0.000000
0.251977,0.003963,0.024462,-0.967416,1.000000,0.000000,0.000000,0.000000,1.000000,0.000000,0.000000,0.000000,1.000000,0.000000,0.000000,0.000000,1.000000,0.000000,0.000000,0.000000,1.000000,0.000000,0.000000,0.000000,1.000000,0.000000,0.000000,0.000000,1.000000,0.000000,0.000000,0.000000,1.000000,0.000000,0.000000,0.000000,1.000000,0.000000,0.000000,0.000000,1.000000,0.000000,0.000000,0.000000,1.000000,0.000000,0.000000,0.000000,1.000000,0.000000,0.000000,0.000000,1.000000,0.000000,0.000000,0.000000
0.254697,0.001926,0.023744,-0.966727,1.000000,0.000000,0.000000,0.000000,1.000000,0.000000,0.000000,0.000000,1.000000,0.000000,0.000000,0.000000,1.000000,0.000000,0.000000,0.000000,1.000000,0.000000,0.000000,0.000000,1.000000,0.000000,0.000000,0.000000,1.000000,0.000000,0.000000,0.000000,1.000000,0.000000,0.000000,0.000000,1.000000,0.000000,0.000000,0.000000,1.000000,0.000000,0.000000,0.000000,1.000000,0.000000,0.000000,0.000000,1.000000,0.000000,0.000000,0.000000,1.000000,0.000000,0.000000,0.000000
0.257919,-0.000331,0.024109,-0.965866,1.000000,0.000000,0.000000,0.000000,1.000000,0.000000,0.000000,0.000000,1.000000,0.000000,0.000000,0.000000,1.000000,0.000000,0.000000,0.000000,1.000000,0.000000,0.000000,0.000000,1.000000,0.000000,0.000000,0.000000,1.000000,0.000000,0.000000,0.000000,1.000000,0.000000,0.000000,0.000000,1.000000,0.000000,0.000000,0.000000,1.000000,0.000000,0.000000,0.000000,1.000000,0.000000,0.000000,0.000000,1.000000,0.000000,0.000000,0.000000,1.000000,0.000000,0.000000,0.000000
0.259464,-0.002458,0.025588,-0.965411,1.000000,0.000000,0.000000,0.000000,1.000000,0.000000,0.000000,0.000000,1.000000,0.000000,0.000000,0.000000,1.000000,0.000000,0.000000,0.000000,1.000000,0.000000,0.000000,0.000000,1.000000,0.000000,0.000000,0.000000,1.000000,0.000000,0.000000,0.000000,1.000000,0.000000,0.000000,0.000000,1.000000,0.000000,0.000000,0.000000,1.000000,0.000000,0.000000,0.000000,1.000000,0.000000,0.000000,0.000000,1.000000,0.000000,0.000000,0.000000,1.000000,0.000000,0.000000,0.000000
0.262204,-0.003424,0.026095,-0.964654,1.000000,0.000000,0.000000,0.000000,1.000000,0.000000,0.000000,0.000000,1.000000,0.000000,0.000000,0.000000,1.000000,0.000000,0.000000,0.000000,1.000000,0.000000,0.000000,0.000000,1.000000,0.000000,0.000000,0.000000,1.000000,0.000000,0.000000,0.000000,1.000000,0.000000,0.000000,0.000000,1.000000,0.000000,0.000000,0.000000,1.000000,0.000000,0.000000,0.000000,1.000000,0.000000,0.000000,0.000000,1.000000,0.000000,0.000000,0.000000,1.000000,0.000000,0.000000,0.000000
0.267393,-0.002524,0.024571,-0.963271,1.000000,0.000000,0.000000,0.000000,1.000000,0.000000,0.000000,0.000000,1.000000,0.000000,0.000000,0.000000,1.000000,0.000000,0.000000,0.000000,1.000000,0.000000,0.000000,0.000000,1.000000,0.000000,0.000000,0.000000,1.000000,0.000000,0.000000,0.000000,1.000000,0.000000,0.000000,0.000000,1.000000,0.000000,0.000000,0.000000,1.000000,0.000000,0.000000,0.000000,1.000000,0.000000,0.000000,0.000000,1.000000,0.000000,0.000000,0.000000,1.000000,0.000000,0.000000,0.000000
0.276247,0.001004,0.020000,-0.960878,1.000000,0.000000,0.000000,0.000000,1.000000,0.000000,0.000000,0.000000,1.000000,0.000000,0.000000,0.000000,1.000000,0.000000,0.000000,0.000000,1.000000,0.000000,0.000000,0.000000,1.000000,0.000000,0.000000,0.000000,1.000000,0.000000,0.000000,0.000000,1.000000,0.000000,0.000000,0.000000,1.000000,0.000000,0.000000,0.000000,1.000000,0.000000,0.000000,0.000000,1.000000,0.000000,0.000000,0.000000,1.000000,0.000000,0.000000,0.000000,1.000000,0.000000,0.000000,0.000000
