joint_0,joint_1,joint_2,joint_3,joint_4,joint_5,joint_6,joint_7,joint_8,joint_9,joint_10,joint_11,joint_12,joint_13,joint_14,joint_15,joint_16,joint_17,joint_18,joint_19,joint_20,joint_21,joint_22,joint_23,joint_24,joint_25,joint_26,joint_27,joint_28
0.172546,0.107517,0.006666,0.129404,0.048124,0.066417,0.358206,-0.061075,-0.088623,0.064719,0.107067,-0.359992,-0.399802,-0.603636,-0.215454,0.239999,-0.240000,0.138804,-0.001428,-0.156152,0.144986,0.350009,0.349977,-1.950000,1.950000,0.150000,0.150001,0.020002,-0.019997
0.135254,0.102639,-0.000011,0.123713,0.045377,0.047832,0.280198,-0.051704,-0.031870,0.127449,0.136405,-0.360045,-0.399874,-0.643708,-0.245818,0.239999,-0.240000,0.189381,-0.009191,-0.153636,0.144273,0.350013,0.349985,-1.950000,1.950000,0.150000,0.150001,0.020003,-0.020000
0.106032,0.107456,0.003118,0.120710,0.043659,0.036760,0.227140,-0.035707,0.006598,0.207203,0.158725,-0.360066,-0.399926,-0.676493,-0.274765,0.240000,-0.240000,0.222612,-0.026434,-0.151617,0.144317,0.350013,0.349991,-1.950000,1.950000,0.150000,0.150001,0.020003,-0.020001
0.082573,0.118835,0.012747,0.120400,0.042537,0.031463,0.194445,-0.016176,0.030719,0.294635,0.175456,-0.360062,-0.399962,-0.701099,-0.300300,0.240000,-0.240000,0.241254,-0.047889,-0.150045,0.144904,0.350009,0.349995,-1.950000,1.950000,0.150000,0.150001,0.020003,-0.020001
0.062573,0.133646,0.025569,0.122789,0.041579,0.030201,0.177527,0.003800,0.044428,0.380397,0.188024,-0.360044,-0.399986,-0.716634,-0.320430,0.240001,-0.240000,0.248061,-0.068284,-0.148866,0.145823,0.350004,0.349998,-1.950000,1.950000,0.150000,0.150000,0.020002,-0.020001
0.043208,0.147087,0.036936,0.130707,0.041113,0.031810,0.173430,0.019933,0.054033,0.453094,0.199859,-0.360022,-0.400002,-0.722137,-0.331246,0.240001,-0.240000,0.243569,-0.080257,-0.147987,0.146662,0.349999,0.350000,-1.950000,1.950000,0.150000,0.150000,0.020001,-0.020001
0.021020,0.156608,0.043923,0.136236,0.037192,0.031635,0.169322,0.027008,0.060231,0.501345,0.210133,-0.360009,-0.400016,-0.713908,-0.330374,0.240001,-0.240000,0.237319,-0.076782,-0.147415,0.147535,0.349998,0.350003,-1.950000,1.950000,0.150000,0.150000,0.020001,-0.020001
-0.000938,0.163834,0.045975,0.144281,0.034416,0.031491,0.169611,0.029332,0.064015,0.520796,0.213338,-0.360000,-0.400022,-0.694674,-0.320321,0.240001,-0.240000,0.226752,-0.060809,-0.147154,0.148248,0.349999,0.350004,-1.950000,1.950000,0.150000,0.150000,0.020000,-0.020002
-0.023133,0.173759,0.047631,0.152561,0.031871,0.030205,0.171418,0.029924,0.065834,0.516546,0.212094,-0.359997,-0.400022,-0.672682,-0.312773,0.240001,-0.240000,0.217819,-0.038610,-0.147173,0.149232,0.350002,0.350005,-1.950000,1.950000,0.150000,0.150000,0.020001,-0.020002
-0.047961,0.184156,0.049428,0.159683,0.030768,0.029935,0.173967,0.028523,0.067418,0.486860,0.206085,-0.359993,-0.400017,-0.642038,-0.302998,0.240001,-0.240000,0.213977,-0.006306,-0.147358,0.150064,0.350004,0.350004,-1.950000,1.950000,0.150000,0.150000,0.020000,-0.020002
-0.075480,0.195973,0.051547,0.165976,0.030322,0.029209,0.178495,0.031314,0.069598,0.440796,0.197942,-0.359987,-0.400008,-0.612986,-0.302181,0.240001,-0.240000,0.214609,0.019658,-0.147485,0.150594,0.350005,0.350002,-1.950000,1.950000,0.150000,0.150000,0.020000,-0.020001
-0.104243,0.209886,0.054250,0.170226,0.029798,0.027968,0.186787,0.035359,0.072246,0.385248,0.190638,-0.359984,-0.399998,-0.583093,-0.307566,0.240001,-0.240000,0.220752,0.044538,-0.147561,0.150869,0.350004,0.350000,-1.950000,1.950000,0.150000,0.150000,0.020001,-0.020001
-0.133658,0.225254,0.058600,0.175979,0.029516,0.026464,0.201362,0.041952,0.075415,0.326732,0.184937,-0.359983,-0.399994,-0.552949,-0.322058,0.240001,-0.240000,0.225288,0.062239,-0.147603,0.151017,0.350003,0.350000,-1.950000,1.950000,0.150000,0.150000,0.020001,-0.020001
-0.162126,0.241134,0.063806,0.182849,0.030033,0.025116,0.221014,0.052075,0.081953,0.267135,0.181329,-0.359982,-0.399994,-0.521882,-0.342311,0.240001,-0.240000,0.227260,0.069127,-0.147398,0.150808,0.350002,0.350001,-1.950000,1.950000,0.150000,0.150000,0.020000,-0.020001
-0.183150,0.261950,0.069564,0.190053,0.029901,0.022215,0.241913,0.061240,0.086509,0.206515,0.173509,-0.359984,-0.399996,-0.493224,-0.366945,0.240001,-0.240000,0.227857,0.068792,-0.147138,0.150694,0.350001,0.350002,-1.950000,1.950000,0.150000,0.150000,0.020000,-0.020001
-0.198472,0.283346,0.075437,0.196097,0.029003,0.018959,0.262185,0.072561,0.089544,0.153347,0.164941,-0.359986,-0.400002,-0.464402,-0.392330,0.240001,-0.240000,0.227985,0.062433,-0.146827,0.150635,0.350002,0.350004,-1.950000,1.950000,0.150000,0.150000,0.020000,-0.020000
-0.208623,0.304562,0.080556,0.199112,0.026547,0.015364,0.278835,0.086748,0.090986,0.116469,0.155484,-0.359990,-0.400008,-0.441399,-0.413645,0.240001,-0.239999,0.229994,0.051180,-0.146741,0.150869,0.350004,0.350004,-1.950000,1.950000,0.150000,0.150000,0.020000,-0.019999
-0.214955,0.319816,0.082558,0.200332,0.023516,0.013600,0.295384,0.098967,0.091260,0.090997,0.148052,-0.359993,-0.400011,-0.414720,-0.421685,0.240001,-0.239999,0.231652,0.045674,-0.146778,0.150811,0.350005,0.350004,-1.950000,1.950000,0.150000,0.150000,0.020000,-0.019999
-0.214778,0.330135,0.082564,0.199883,0.018647,0.012907,0.307968,0.107203,0.089199,0.076542,0.143523,-0.359995,-0.400011,-0.394230,-0.419852,0.240001,-0.239999,0.236237,0.043879,-0.146892,0.150538,0.350006,0.350003,-1.950000,1.950000,0.150000,0.150000,0.020000,-0.019999
-0.208588,0.338658,0.080630,0.196653,0.013342,0.013960,0.313826,0.107054,0.085160,0.071242,0.144056,-0.359997,-0.400006,-0.374920,-0.405516,0.240001,-0.239999,0.245354,0.054868,-0.146967,0.149816,0.350006,0.350002,-1.950000,1.950000,0.150000,0.150000,0.020001,-0.020000
-0.197384,0.343380,0.079623,0.192085,0.003827,0.015189,0.317548,0.094813,0.078863,0.071645,0.147662,-0.360000,-0.400000,-0.361541,-0.388733,0.240001,-0.239999,0.250475,0.068617,-0.147098,0.149097,0.350005,0.350000,-1.950001,1.950000,0.150000,0.150000,0.020001,-0.020001
-0.184130,0.346192,0.075559,0.184798,-0.005496,0.016258,0.322359,0.084521,0.071981,0.071964,0.153031,-0.360002,-0.399991,-0.350087,-0.370592,0.240001,-0.239999,0.255002,0.084712,-0.147337,0.148006,0.350004,0.349998,-1.950001,1.950000,0.150000,0.150000,0.020001,-0.020002
-0.167651,0.348630,0.070463,0.173932,-0.018823,0.015279,0.332111,0.075415,0.063494,0.070364,0.161871,-0.360007,-0.399984,-0.343773,-0.356473,0.240001,-0.239999,0.257156,0.101615,-0.148022,0.147398,0.350004,0.349996,-1.950001,1.950000,0.150000,0.150000,0.020000,-0.020003
-0.152593,0.350440,0.068000,0.158421,-0.034016,0.013367,0.341829,0.070713,0.054825,0.068458,0.172893,-0.360010,-0.399979,-0.341883,-0.354005,0.240001,-0.239999,0.257928,0.113951,-0.148713,0.147139,0.350004,0.349995,-1.950000,1.950000,0.150000,0.150001,0.019999,-0.020002
-0.140062,0.351349,0.064039,0.137372,-0.046767,0.010422,0.351176,0.078258,0.048635,0.068289,0.189398,-0.360011,-0.399974,-0.346439,-0.353835,0.240001,-0.239999,0.259733,0.115472,-0.149145,0.146626,0.350005,0.349994,-1.950000,1.950000,0.150000,0.150001,0.019998,-0.020002
-0.126536,0.348455,0.056838,0.115945,-0.058699,0.005019,0.361337,0.089183,0.044758,0.068407,0.215867,-0.360019,-0.399965,-0.353739,-0.352093,0.240001,-0.239999,0.259276,0.110413,-0.149178,0.145711,0.350006,0.349991,-1.950000,1.950000,0.150000,0.150001,0.019997,-0.020001
-0.108527,0.339751,0.047452,0.095795,-0.068334,-0.001081,0.366751,0.099645,0.042932,0.067463,0.260493,-0.360033,-0.399957,-0.372163,-0.349438,0.240001,-0.239999,0.259971,0.099098,-0.149192,0.144707,0.350008,0.349988,-1.950000,1.950000,0.150000,0.150001,0.019998,-0.020000
-0.090110,0.310379,0.034700,0.077990,-0.071780,-0.004489,0.358441,0.110967,0.046399,0.064847,0.338616,-0.360054,-0.399949,-0.394847,-0.342277,0.240001,-0.239999,0.261669,0.097080,-0.149092,0.143420,0.350011,0.349986,-1.950000,1.950000,0.150000,0.150001,0.019999,-0.020000
-0.065244,0.273424,0.021137,0.064369,-0.068232,-0.006410,0.351159,0.119769,0.049524,0.062562,0.428332,-0.360077,-0.399942,-0.429933,-0.336140,0.240001,-0.239999,0.261465,0.092419,-0.149047,0.142354,0.350013,0.349984,-1.950000,1.949999,0.150000,0.150000,0.020000,-0.020000
-0.039460,0.234703,0.001740,0.051750,-0.056788,-0.006691,0.347571,0.128157,0.051524,0.057121,0.504750,-0.360100,-0.399934,-0.461158,-0.331463,0.240001,-0.239999,0.262303,0.092662,-0.149496,0.141299,0.350017,0.349983,-1.950000,1.949999,0.150000,0.150000,0.020002,-0.020000
-0.013725,0.188613,-0.016198,0.036300,-0.046017,-0.005094,0.351330,0.129858,0.052554,0.048694,0.567704,-0.360122,-0.399927,-0.485517,-0.327430,0.240001,-0.239999,0.261800,0.103428,-0.150598,0.141277,0.350020,0.349983,-1.950000,1.949999,0.150000,0.150000,0.020002,-0.020001
0.011837,0.144023,-0.030695,0.022214,-0.037432,-0.001835,0.356585,0.124271,0.052574,0.040206,0.602380,-0.360133,-0.399922,-0.506271,-0.335760,0.240000,-0.239999,0.261800,0.109518,-0.151847,0.141808,0.350022,0.349984,-1.950000,1.949999,0.150000,0.150000,0.020002,-0.020001
0.034823,0.101864,-0.044820,0.007675,-0.032480,0.002738,0.360848,0.115074,0.052911,0.033181,0.607428,-0.360141,-0.399916,-0.521446,-0.341916,0.240000,-0.239999,0.262293,0.108377,-0.153146,0.142326,0.350023,0.349984,-1.950000,1.949999,0.150000,0.150000,0.020002,-0.020001
0.060537,0.064672,-0.058808,-0.001808,-0.034917,0.006652,0.358702,0.093519,0.052520,0.028598,0.580159,-0.360150,-0.399905,-0.531363,-0.336343,0.240000,-0.239999,0.262811,0.103827,-0.154420,0.142574,0.350024,0.349984,-1.950000,1.949999,0.150000,0.150000,0.020001,-0.020001
0.087305,0.023976,-0.069171,-0.009204,-0.044004,0.008035,0.345758,0.065931,0.055847,0.024543,0.542919,-0.360159,-0.399902,-0.537820,-0.321128,0.240000,-0.239999,0.265796,0.088524,-0.155325,0.142537,0.350025,0.349984,-1.950000,1.949999,0.150000,0.150001,0.020001,-0.020001
0.114496,-0.023204,-0.076283,-0.009259,-0.051085,0.012631,0.327444,0.038500,0.057328,0.021622,0.505483,-0.360163,-0.399896,-0.543579,-0.289278,0.240000,-0.239999,0.260874,0.076819,-0.155911,0.142344,0.350025,0.349984,-1.950000,1.949999,0.150000,0.150001,0.020001,-0.020001
0.149517,-0.055515,-0.080193,0.001433,-0.049404,0.019440,0.315909,0.011756,0.049504,0.022132,0.454426,-0.360156,-0.399882,-0.554370,-0.239961,0.240000,-0.239999,0.246421,0.059726,-0.156461,0.142175,0.350025,0.349984,-1.950001,1.949999,0.150000,0.150001,0.020001,-0.020000
0.178148,-0.080798,-0.084457,0.013774,-0.041472,0.029988,0.312917,-0.015767,0.037039,0.020626,0.394527,-0.360142,-0.399864,-0.565467,-0.178480,0.239999,-0.239999,0.234007,0.061436,-0.157437,0.142312,0.350027,0.349985,-1.950001,1.950000,0.150000,0.150001,0.020001,-0.019999
0.204693,-0.103065,-0.085539,0.019853,-0.032925,0.040657,0.308623,-0.041101,0.023180,0.018601,0.330613,-0.360124,-0.399840,-0.570808,-0.118350,0.239999,-0.239999,0.214732,0.061022,-0.158430,0.143073,0.350030,0.349986,-1.950001,1.950000,0.150000,0.150001,0.020001,-0.019998
0.232439,-0.122522,-0.088918,0.024006,-0.022820,0.052286,0.301944,-0.062884,0.008437,0.017905,0.267514,-0.360104,-0.399815,-0.589873,-0.067676,0.239999,-0.239999,0.201112,0.054000,-0.159574,0.143890,0.350031,0.349985,-1.950001,1.950000,0.150000,0.150001,0.020001,-0.019998
0.260840,-0.144084,-0.094399,0.024057,-0.015046,0.062623,0.286854,-0.080553,-0.004974,0.018124,0.205502,-0.360088,-0.399791,-0.620009,-0.029859,0.239998,-0.239999,0.191931,0.039965,-0.160809,0.144799,0.350032,0.349985,-1.950001,1.950000,0.150000,0.150001,0.020000,-0.019997
0.291309,-0.163182,-0.102642,0.024000,-0.010457,0.068981,0.267779,-0.098439,-0.016630,0.019947,0.150227,-0.360079,-0.399777,-0.665723,-0.006598,0.239998,-0.239999,0.193172,0.024586,-0.161997,0.145599,0.350033,0.349986,-1.950000,1.950000,0.150000,0.150001,0.020000,-0.019997
0.319413,-0.184062,-0.111252,0.019216,-0.011017,0.069562,0.245211,-0.119535,-0.021806,0.021340,0.113743,-0.360082,-0.399777,-0.710367,0.000965,0.239998,-0.239999,0.201249,0.000155,-0.162568,0.146030,0.350033,0.349986,-1.950000,1.950000,0.150000,0.150001,0.020000,-0.019996
0.348500,-0.199928,-0.121471,0.022002,-0.013330,0.069337,0.235465,-0.138999,-0.028351,0.023080,0.090411,-0.360086,-0.399777,-0.759272,0.001969,0.239998,-0.239999,0.203947,-0.021697,-0.162797,0.146057,0.350033,0.349987,-1.950000,1.950000,0.150000,0.150001,0.020000,-0.019995
0.378451,-0.208987,-0.130317,0.032367,-0.015278,0.068092,0.233590,-0.159730,-0.035743,0.024443,0.085154,-0.360091,-0.399780,-0.795361,0.009260,0.239998,-0.240000,0.204072,-0.034766,-0.162646,0.145857,0.350034,0.349988,-1.950000,1.950000,0.150000,0.150001,0.020000,-0.019995
0.403604,-0.212335,-0.138249,0.042221,-0.015630,0.068935,0.236809,-0.174987,-0.041024,0.024080,0.095856,-0.360100,-0.399786,-0.814790,0.019407,0.239998,-0.240000,0.210716,-0.028268,-0.162563,0.145865,0.350036,0.349989,-1.950000,1.950000,0.150000,0.150001,0.020000,-0.019994
0.433563,-0.208740,-0.144251,0.052836,-0.016263,0.070232,0.238695,-0.179498,-0.044294,0.021295,0.108788,-0.360108,-0.399792,-0.805166,0.026569,0.239998,-0.240000,0.206217,-0.029637,-0.162066,0.145753,0.350037,0.349990,-1.950000,1.950000,0.150000,0.150001,0.020000,-0.019994
0.459921,-0.202700,-0.145310,0.060822,-0.019657,0.070084,0.234808,-0.173607,-0.042505,0.030336,0.125789,-0.360109,-0.399799,-0.775291,0.041407,0.239998,-0.240000,0.205942,-0.030434,-0.160885,0.145438,0.350036,0.349990,-1.950000,1.950000,0.150000,0.150001,0.020000,-0.019994
0.486678,-0.189159,-0.139148,0.068807,-0.019852,0.066872,0.225501,-0.156185,-0.039239,0.055137,0.135438,-0.360105,-0.399807,-0.728629,0.045274,0.239998,-0.240000,0.205042,-0.041767,-0.159355,0.145534,0.350035,0.349989,-1.950000,1.950000,0.150000,0.150001,0.020001,-0.019994
0.508174,-0.168108,-0.130950,0.081121,-0.019254,0.060297,0.222812,-0.134263,-0.032824,0.105399,0.141605,-0.360103,-0.399826,-0.684963,0.039793,0.239998,-0.240000,0.207796,-0.052474,-0.157897,0.145754,0.350032,0.349988,-1.950000,1.950000,0.150000,0.150001,0.020002,-0.019994
0.501950,-0.141636,-0.117508,0.087478,-0.019065,0.049453,0.225661,-0.106938,-0.019353,0.196288,0.144362,-0.360102,-0.399855,-0.645590,0.015907,0.239998,-0.240001,0.203591,-0.072057,-0.156327,0.146266,0.350028,0.349987,-1.950000,1.949999,0.150000,0.150001,0.020002,-0.019994
0.458260,-0.113591,-0.100078,0.084976,-0.019521,0.035584,0.237244,-0.073815,-0.001586,0.316288,0.144186,-0.360102,-0.399890,-0.632943,-0.026080,0.239998,-0.240001,0.193456,-0.091268,-0.154874,0.146920,0.350023,0.349987,-1.950001,1.949999,0.150000,0.150001,0.020002,-0.019994
0.388819,-0.081591,-0.075152,0.079648,-0.018323,0.023307,0.240780,-0.046516,0.016843,0.436288,0.144222,-0.360103,-0.399927,-0.630182,-0.068427,0.239999,-0.240001,0.184713,-0.100511,-0.153366,0.147646,0.350019,0.349988,-1.950001,1.949999,0.150000,0.150001,0.020003,-0.019995
0.302577,-0.043653,-0.048544,0.070171,-0.011701,0.015641,0.233820,-0.020020,0.033318,0.556288,0.141439,-0.360102,-0.399957,-0.641436,-0.107559,0.240000,-0.240000,0.182346,-0.100458,-0.152202,0.148204,0.350015,0.349988,-1.950001,1.950000,0.150000,0.150001,0.020002,-0.019996
0.215412,-0.003885,-0.025173,0.066648,-0.001142,0.013612,0.223708,0.007365,0.044282,0.676288,0.140094,-0.360097,-0.399977,-0.651842,-0.132823,0.240000,-0.240000,0.176549,-0.089501,-0.151407,0.148466,0.350011,0.349989,-1.950001,1.950000,0.150000,0.150000,0.020002,-0.019997
0.129540,0.037112,-0.002107,0.058357,0.009192,0.013866,0.203935,0.030962,0.053221,0.788874,0.138352,-0.360085,-0.399988,-0.656455,-0.144686,0.240000,-0.240000,0.179832,-0.081701,-0.150742,0.148641,0.350007,0.349990,-1.950001,1.950000,0.150000,0.150000,0.020002,-0.019999
0.067893,0.083057,0.018057,0.063866,0.025010,0.017043,0.179137,0.046386,0.053977,0.796949,0.136098,-0.360066,-0.399993,-0.656734,-0.156359,0.240000,-0.240000,0.188586,-0.073879,-0.150337,0.148818,0.350005,0.349992,-1.950001,1.950000,0.150000,0.150000,0.020003,-0.020000
0.027446,0.122943,0.028401,0.081864,0.038165,0.021906,0.161909,0.054344,0.052663,0.743545,0.135373,-0.360047,-0.399994,-0.651054,-0.165123,0.240000,-0.240000,0.200473,-0.057543,-0.150284,0.148722,0.350003,0.349995,-1.950000,1.950000,0.150000,0.150000,0.020002,-0.020001
-0.007961,0.157147,0.037184,0.101504,0.048050,0.026573,0.153648,0.060202,0.053628,0.656285,0.137382,-0.360028,-0.399997,-0.638119,-0.181643,0.240000,-0.240000,0.208573,-0.037709,-0.150165,0.148970,0.350001,0.349997,-1.950000,1.950000,0.150000,0.150000,0.020002,-0.020001
-0.045551,0.183683,0.042382,0.117654,0.054233,0.030909,0.164840,0.064622,0.056613,0.546954,0.141936,-0.360012,-0.399999,-0.622845,-0.205473,0.240000,-0.240000,0.213242,-0.012754,-0.150118,0.149442,0.350000,0.349999,-1.950000,1.950000,0.150000,0.150000,0.020001,-0.020001
-0.077935,0.209537,0.046973,0.135857,0.057922,0.035549,0.183952,0.070382,0.060014,0.426954,0.146792,-0.360000,-0.400000,-0.600143,-0.235461,0.240000,-0.240000,0.220395,0.012692,-0.150000,0.150000,0.350000,0.350000,-1.950000,1.950000,0.150000,0.150000,0.020000,-0.020000
-0.108144,0.235951,0.051023,0.149280,0.059861,0.038238,0.207162,0.083463,0.065476,0.311988,0.149481,-0.359993,-0.399991,-0.572675,-0.274825,0.240000,-0.240000,0.227398,0.027385,-0.149559,0.150272,0.349999,0.349998,-1.950000,1.950000,0.150000,0.150000,0.019999,-0.019999
-0.133974,0.262353,0.053830,0.163772,0.060943,0.037698,0.235146,0.104230,0.068763,0.219771,0.148776,-0.359989,-0.399986,-0.537305,-0.315697,0.240000,-0.240000,0.228393,0.032099,-0.149309,0.150583,0.349997,0.349997,-1.950000,1.950000,0.150000,0.150000,0.019999,-0.019998
-0.157990,0.289623,0.057088,0.170775,0.060606,0.035681,0.267392,0.123737,0.070990,0.157490,0.143477,-0.359991,-0.399983,-0.496107,-0.353658,0.240000,-0.240000,0.226771,0.020081,-0.149427,0.151024,0.349995,0.349996,-1.950000,1.950000,0.150000,0.150000,0.019998,-0.019998
-0.175621,0.314397,0.060728,0.177641,0.057839,0.032302,0.295602,0.140245,0.070922,0.103217,0.136223,-0.359994,-0.399982,-0.452663,-0.389447,0.240000,-0.240000,0.222499,0.007641,-0.149403,0.151096,0.349994,0.349996,-1.950000,1.950000,0.150000,0.150000,0.019999,-0.019998
-0.186992,0.331300,0.063120,0.179813,0.050552,0.030042,0.319248,0.145278,0.069623,0.063635,0.128536,-0.359999,-0.399978,-0.404199,-0.407668,0.240000,-0.239999,0.219130,0.009006,-0.149618,0.151066,0.349995,0.349996,-1.950001,1.950000,0.150000,0.150000,0.019999,-0.019999
-0.193420,0.344274,0.067205,0.180167,0.042756,0.029469,0.336444,0.142216,0.065215,0.043129,0.123578,-0.360005,-0.399976,-0.354171,-0.398646,0.240000,-0.239999,0.218646,0.026656,-0.149890,0.151102,0.349996,0.349997,-1.950001,1.950000,0.150000,0.150000,0.020000,-0.019999
-0.195463,0.353160,0.068565,0.178833,0.036530,0.030017,0.348918,0.137939,0.059045,0.035568,0.120933,-0.360013,-0.399976,-0.314244,-0.383031,0.240000,-0.239999,0.221373,0.043672,-0.150492,0.151148,0.349998,0.349998,-1.950001,1.950000,0.150000,0.150000,0.020000,-0.020001
-0.191623,0.362294,0.068431,0.174268,0.029839,0.031106,0.356838,0.130959,0.050129,0.035177,0.122992,-0.360025,-0.399975,-0.289590,-0.359025,0.240000,-0.239999,0.228383,0.065394,-0.151248,0.151370,0.350001,0.350000,-1.950001,1.950000,0.150000,0.150000,0.020000,-0.020002
-0.183591,0.365457,0.067705,0.166297,0.021464,0.030164,0.355939,0.122924,0.043991,0.041029,0.133391,-0.360037,-0.399968,-0.277920,-0.342946,0.240000,-0.239999,0.238055,0.077758,-0.151545,0.151055,0.350003,0.349999,-1.950001,1.950000,0.150000,0.150000,0.020000,-0.020002
-0.176666,0.366129,0.065767,0.157365,0.012358,0.027666,0.355024,0.119459,0.037975,0.052323,0.145013,-0.360049,-0.399962,-0.278156,-0.330304,0.240000,-0.239999,0.247848,0.084403,-0.151911,0.150687,0.350005,0.349998,-1.950001,1.950000,0.150000,0.150000,0.020000,-0.020003
-0.171831,0.363904,0.063756,0.144217,0.000427,0.024575,0.358179,0.119740,0.034342,0.064830,0.163842,-0.360062,-0.399958,-0.285075,-0.332908,0.240000,-0.239999,0.252912,0.079175,-0.152353,0.150271,0.350006,0.349998,-1.950001,1.950000,0.150000,0.150000,0.019999,-0.020003
-0.169510,0.355892,0.060320,0.125493,-0.013796,0.020047,0.366761,0.127571,0.035268,0.080028,0.189790,-0.360070,-0.399957,-0.299277,-0.350229,0.240000,-0.239999,0.256846,0.066552,-0.152515,0.149365,0.350007,0.349997,-1.950001,1.950000,0.150000,0.150000,0.019999,-0.020003
-0.160565,0.344726,0.054968,0.105750,-0.027413,0.015602,0.376144,0.133102,0.038595,0.094605,0.229651,-0.360075,-0.399958,-0.318490,-0.358899,0.240000,-0.239999,0.259575,0.059779,-0.152592,0.148160,0.350007,0.349995,-1.950001,1.950000,0.150000,0.150000,0.019999,-0.020003
-0.144172,0.328001,0.047037,0.088196,-0.035916,0.011269,0.380586,0.138329,0.042101,0.104482,0.287181,-0.360079,-0.399963,-0.347020,-0.362443,0.239999,-0.239999,0.261680,0.053813,-0.152633,0.146779,0.350007,0.349994,-1.950001,1.950000,0.150000,0.150000,0.019998,-0.020002
-0.119268,0.299587,0.037090,0.074267,-0.039304,0.009130,0.378936,0.138036,0.047013,0.108829,0.366555,-0.360084,-0.399967,-0.383644,-0.364630,0.239999,-0.239999,0.262303,0.050896,-0.152682,0.145453,0.350007,0.349993,-1.950000,1.950000,0.150000,0.150000,0.019998,-0.020002
-0.091364,0.258733,0.024640,0.059769,-0.036756,0.008915,0.376251,0.130573,0.052476,0.104689,0.462201,-0.360094,-0.399964,-0.416405,-0.344787,0.239999,-0.239999,0.262007,0.064353,-0.152747,0.144494,0.350009,0.349992,-1.950000,1.949999,0.150000,0.150000,0.019998,-0.020002
-0.062115,0.207861,0.009346,0.047092,-0.031581,0.008827,0.374714,0.119164,0.059156,0.099062,0.551163,-0.360106,-0.399954,-0.442561,-0.324314,0.239999,-0.239999,0.262590,0.073883,-0.152927,0.143627,0.350011,0.349988,-1.950000,1.949999,0.150000,0.150000,0.019999,-0.020002
-0.034559,0.155845,-0.006743,0.035414,-0.024445,0.010765,0.377822,0.101373,0.063908,0.089397,0.614231,-0.360120,-0.399935,-0.461026,-0.297459,0.239999,-0.239999,0.262910,0.088138,-0.153449,0.143239,0.350013,0.349985,-1.950000,1.949999,0.150000,0.150000,0.019999,-0.020002
-0.008568,0.104584,-0.021269,0.022467,-0.020024,0.014047,0.384141,0.080196,0.066401,0.077779,0.648772,-0.360129,-0.399916,-0.473096,-0.281439,0.239999,-0.239999,0.259332,0.095968,-0.154316,0.143214,0.350015,0.349982,-1.950000,1.949999,0.149999,0.150000,0.020000,-0.020002
0.015797,0.054370,-0.036638,0.010227,-0.019645,0.018169,0.387307,0.054979,0.067047,0.066845,0.637190,-0.360139,-0.399896,-0.478590,-0.262111,0.239999,-0.239999,0.254090,0.096382,-0.155377,0.143090,0.350018,0.349981,-1.950001,1.949999,0.149999,0.150000,0.019999,-0.020002
0.044734,0.012589,-0.050939,0.002417,-0.024041,0.021998,0.384297,0.022241,0.064876,0.055416,0.588704,-0.360148,-0.399877,-0.476130,-0.227673,0.239999,-0.239999,0.247577,0.090271,-0.156561,0.142967,0.350020,0.349979,-1.950001,1.949999,0.149999,0.150000,0.019999,-0.020002
0.079866,-0.023013,-0.063434,-0.000031,-0.031920,0.024339,0.376552,-0.014597,0.060276,0.043775,0.520360,-0.360154,-0.399860,-0.467371,-0.181207,0.239999,-0.239999,0.234368,0.080374,-0.157753,0.142854,0.350022,0.349978,-1.950001,1.949999,0.149999,0.150000,0.019999,-0.020001
0.120288,-0.056144,-0.073899,0.003567,-0.043750,0.023287,0.360230,-0.052420,0.057588,0.033297,0.451044,-0.360166,-0.399851,-0.457896,-0.122930,0.239999,-0.239999,0.221604,0.072670,-0.158657,0.142762,0.350025,0.349979,-1.950001,1.949999,0.149999,0.150000,0.019999,-0.020000
0.158152,-0.093598,-0.083312,0.012207,-0.050382,0.027035,0.348014,-0.085572,0.053606,0.026008,0.396493,-0.360171,-0.399835,-0.447348,-0.044616,0.239999,-0.239999,0.204771,0.070991,-0.159633,0.142763,0.350026,0.349978,-1.950001,1.950000,0.149999,0.150000,0.019999,-0.019999
0.194580,-0.127206,-0.091047,0.023174,-0.052897,0.033194,0.345816,-0.110209,0.043595,0.023265,0.345158,-0.360165,-0.399820,-0.447563,0.030381,0.239999,-0.239999,0.183196,0.067115,-0.160782,0.142989,0.350028,0.349978,-1.950001,1.950000,0.149999,0.150001,0.019999,-0.019998
0.234156,-0.155055,-0.096131,0.031233,-0.047806,0.041302,0.341870,-0.132216,0.030031,0.021476,0.294204,-0.360150,-0.399805,-0.481940,0.082026,0.239998,-0.239999,0.162123,0.062148,-0.161602,0.143297,0.350029,0.349979,-1.950001,1.950000,0.149999,0.150001,0.019999,-0.019997
0.274306,-0.179522,-0.099521,0.034500,-0.036686,0.051176,0.333954,-0.149314,0.012668,0.021774,0.244978,-0.360127,-0.399792,-0.544753,0.100145,0.239998,-0.239999,0.147600,0.048986,-0.162382,0.143888,0.350028,0.349979,-1.950001,1.950000,0.149999,0.150001,0.019998,-0.019996
0.309265,-0.203401,-0.107230,0.035251,-0.023327,0.062795,0.321914,-0.159063,-0.005823,0.022521,0.191701,-0.360106,-0.399775,-0.620437,0.099691,0.239998,-0.239999,0.140487,0.031567,-0.163060,0.144282,0.350029,0.349979,-1.950000,1.950000,0.149999,0.150001,0.019998,-0.019995
0.339538,-0.218901,-0.116634,0.036613,-0.011972,0.072077,0.310481,-0.165430,-0.024202,0.024194,0.145339,-0.360089,-0.399760,-0.688901,0.092781,0.239998,-0.239999,0.140429,0.010562,-0.163548,0.144664,0.350028,0.349979,-1.950000,1.950000,0.149999,0.150001,0.019997,-0.019994
0.368028,-0.228213,-0.127231,0.041737,-0.007970,0.077437,0.306567,-0.168643,-0.039258,0.026717,0.111516,-0.360076,-0.399747,-0.739164,0.087001,0.239998,-0.239999,0.137226,-0.005471,-0.163667,0.144845,0.350028,0.349979,-1.950000,1.950000,0.149999,0.150001,0.019998,-0.019994
0.396533,-0.229923,-0.138686,0.048140,-0.009648,0.076627,0.293319,-0.170628,-0.048354,0.027212,0.094154,-0.360079,-0.399747,-0.766458,0.083054,0.239998,-0.240000,0.143609,-0.016372,-0.163623,0.144997,0.350029,0.349979,-1.950000,1.950000,0.149999,0.150001,0.019998,-0.019994
0.426781,-0.230961,-0.148595,0.062130,-0.010576,0.081140,0.290777,-0.169973,-0.055258,0.021107,0.103415,-0.360075,-0.399742,-0.760384,0.089824,0.239998,-0.240000,0.145828,-0.022405,-0.163342,0.144942,0.350029,0.349978,-1.950000,1.950000,0.149999,0.150001,0.019998,-0.019994
0.451062,-0.220934,-0.147786,0.067181,-0.010607,0.082065,0.273861,-0.161135,-0.056614,0.027999,0.118939,-0.360070,-0.399747,-0.732598,0.099136,0.239998,-0.240000,0.159412,-0.027439,-0.162463,0.145306,0.350029,0.349978,-1.950000,1.949999,0.150000,0.150001,0.019998,-0.019994
0.478772,-0.203528,-0.142360,0.075573,-0.012974,0.077035,0.258375,-0.148751,-0.049651,0.062334,0.131854,-0.360068,-0.399769,-0.697698,0.089073,0.239998,-0.240000,0.173052,-0.043726,-0.160990,0.145621,0.350028,0.349978,-1.950000,1.949999,0.150000,0.150001,0.019998,-0.019994
0.471103,-0.178418,-0.131797,0.077455,-0.012606,0.067401,0.247682,-0.118761,-0.033056,0.145283,0.134379,-0.360069,-0.399799,-0.656697,0.070007,0.239998,-0.240000,0.182710,-0.061525,-0.159178,0.146098,0.350027,0.349978,-1.950000,1.949999,0.150000,0.150001,0.019999,-0.019994
0.401687,-0.146882,-0.116370,0.060241,-0.011666,0.054810,0.248107,-0.073709,-0.006319,0.265283,0.125536,-0.360075,-0.399830,-0.634307,0.036022,0.239999,-0.240000,0.190672,-0.070174,-0.157367,0.146497,0.350024,0.349978,-1.950001,1.949999,0.150000,0.150001,0.019999,-0.019995
0.305080,-0.106232,-0.090708,0.040556,-0.011683,0.041548,0.245350,-0.032254,0.020279,0.385283,0.116372,-0.360078,-0.399861,-0.622016,-0.002390,0.239999,-0.240000,0.195113,-0.073112,-0.155375,0.146799,0.350021,0.349977,-1.950001,1.949999,0.150000,0.150001,0.020000,-0.019996
0.211277,-0.061679,-0.061702,0.030441,-0.011891,0.031474,0.242816,-0.000209,0.039452,0.505283,0.107214,-0.360070,-0.399883,-0.620465,-0.040263,0.240000,-0.240000,0.190699,-0.070891,-0.153644,0.146901,0.350018,0.349977,-1.950001,1.950000,0.150000,0.150000,0.020000,-0.019998
0.126267,-0.014716,-0.035128,0.030767,-0.006367,0.024237,0.231639,0.023790,0.049160,0.625283,0.102003,-0.360063,-0.399904,-0.629730,-0.075212,0.240000,-0.240000,0.182423,-0.064016,-0.152565,0.147015,0.350014,0.349980,-1.950001,1.950000,0.150000,0.150000,0.019999,-0.019999
0.065493,0.029912,-0.011854,0.043452,0.004207,0.023932,0.215096,0.038881,0.050234,0.745283,0.102918,-0.360047,-0.399917,-0.638942,-0.103621,0.240000,-0.240000,0.173583,-0.060540,-0.151877,0.147081,0.350011,0.349983,-1.950001,1.950000,0.150000,0.150000,0.019999,-0.020001
0.031355,0.075196,0.011877,0.060156,0.018929,0.026554,0.181432,0.047258,0.047355,0.865283,0.107261,-0.360030,-0.399927,-0.647383,-0.125485,0.240000,-0.240000,0.180572,-0.064632,-0.151243,0.147519,0.350008,0.349986,-1.950000,1.950000,0.150000,0.150000,0.019998,-0.020002
0.024301,0.113082,0.024941,0.092486,0.030947,0.029689,0.162453,0.049131,0.042644,0.808951,0.115527,-0.360013,-0.399937,-0.646362,-0.146949,0.240000,-0.240000,0.186159,-0.073526,-0.150947,0.147824,0.350005,0.349990,-1.950000,1.950000,0.150000,0.150000,0.019998,-0.020001
0.004660,0.143418,0.030980,0.121048,0.043773,0.032355,0.155262,0.059686,0.042777,0.720370,0.120794,-0.360000,-0.399940,-0.641017,-0.164607,0.240000,-0.240000,0.188936,-0.073027,-0.150705,0.148087,0.350003,0.349992,-1.950000,1.950000,0.150000,0.150000,0.019998,-0.020001
-0.042091,0.165603,0.034489,0.132641,0.055012,0.035008,0.159855,0.075511,0.049821,0.630345,0.122887,-0.359990,-0.399937,-0.642933,-0.193293,0.240000,-0.240000,0.197822,-0.062038,-0.150612,0.148188,0.350002,0.349992,-1.950000,1.950000,0.150000,0.150000,0.019998,-0.020001
-0.083221,0.185510,0.039994,0.141599,0.061593,0.038397,0.172376,0.082981,0.057272,0.525105,0.129484,-0.359982,-0.399927,-0.628188,-0.218508,0.240000,-0.240000,0.208954,-0.038446,-0.150354,0.148320,0.350001,0.349991,-1.950000,1.950000,0.150000,0.150000,0.019998,-0.020001
-0.112131,0.204421,0.045636,0.151471,0.066876,0.041288,0.193825,0.090719,0.062387,0.405105,0.134881,-0.359972,-0.399911,-0.596038,-0.242090,0.240000,-0.240000,0.217480,-0.010860,-0.149954,0.148465,0.350000,0.349989,-1.950000,1.950000,0.150000,0.150000,0.019998,-0.020000
-0.139385,0.228735,0.050657,0.162586,0.070986,0.041158,0.221813,0.107339,0.066286,0.293485,0.137673,-0.359968,-0.399902,-0.559539,-0.278346,0.240000,-0.239999,0.219378,0.005019,-0.149547,0.148717,0.349999,0.349989,-1.950001,1.950000,0.150000,0.150000,0.019997,-0.020000
-0.163245,0.256468,0.056828,0.172855,0.072731,0.039488,0.252031,0.126606,0.069333,0.199760,0.134391,-0.359967,-0.399896,-0.512149,-0.315198,0.240000,-0.239999,0.221003,0.012003,-0.149169,0.149150,0.349998,0.349988,-1.950001,1.950000,0.150000,0.150000,0.019997,-0.019999
-0.181729,0.288805,0.064868,0.181781,0.072179,0.037546,0.282259,0.143673,0.070582,0.123030,0.127587,-0.359968,-0.399893,-0.463944,-0.354643,0.240000,-0.239999,0.222054,0.006770,-0.148774,0.149710,0.349997,0.349988,-1.950001,1.950000,0.150000,0.150000,0.019997,-0.019999
-0.195816,0.319765,0.072408,0.188747,0.069146,0.034999,0.305994,0.157030,0.069761,0.068445,0.117307,-0.359969,-0.399890,-0.416494,-0.384605,0.240001,-0.239999,0.225025,0.000805,-0.148451,0.150160,0.349998,0.349989,-1.950001,1.950000,0.150000,0.150000,0.019996,-0.019999
-0.203576,0.343058,0.078132,0.194068,0.061659,0.033231,0.322612,0.161383,0.067464,0.038848,0.108534,-0.359971,-0.399888,-0.376616,-0.402025,0.240001,-0.239999,0.229223,-0.000739,-0.148304,0.150449,0.349999,0.349989,-1.950001,1.950000,0.150000,0.150000,0.019996,-0.019999
-0.207100,0.357990,0.081427,0.195280,0.052629,0.032418,0.331399,0.159418,0.064725,0.026819,0.105333,-0.359973,-0.399886,-0.342350,-0.399944,0.240001,-0.239999,0.235571,0.006015,-0.148318,0.150432,0.350000,0.349989,-1.950001,1.950000,0.150000,0.150000,0.019996,-0.019999
-0.209168,0.363226,0.079809,0.189471,0.041687,0.032332,0.341175,0.152423,0.060483,0.027467,0.107135,-0.359980,-0.399883,-0.314777,-0.379784,0.240001,-0.239998,0.242457,0.026513,-0.148668,0.150256,0.350003,0.349990,-1.950001,1.950000,0.150000,0.150000,0.019997,-0.020000
-0.210805,0.361798,0.079447,0.179524,0.029578,0.031160,0.346728,0.147436,0.058128,0.043307,0.117679,-0.359986,-0.399885,-0.297594,-0.359842,0.240000,-0.239998,0.245928,0.048027,-0.148824,0.150021,0.350006,0.349990,-1.950001,1.950000,0.150000,0.150001,0.019997,-0.020001
-0.211372,0.361212,0.075070,0.165149,0.016290,0.028394,0.355476,0.148587,0.055515,0.064952,0.133477,-0.359994,-0.399887,-0.297389,-0.354981,0.240000,-0.239998,0.244898,0.056040,-0.149289,0.149665,0.350009,0.349991,-1.950001,1.949999,0.150000,0.150001,0.019997,-0.020001
-0.212791,0.355955,0.070815,0.145218,0.001641,0.023714,0.363192,0.154282,0.055920,0.088491,0.157696,-0.360000,-0.399889,-0.303759,-0.354614,0.240000,-0.239999,0.243225,0.055848,-0.149875,0.149159,0.350010,0.349992,-1.950001,1.949999,0.150000,0.150001,0.019996,-0.020001
-0.209706,0.348744,0.066278,0.120396,-0.012864,0.017636,0.368209,0.160615,0.057850,0.104785,0.194722,-0.360011,-0.399892,-0.317285,-0.354993,0.240000,-0.239999,0.238655,0.053067,-0.150616,0.148807,0.350011,0.349992,-1.950001,1.949999,0.150000,0.150001,0.019995,-0.020001
-0.196665,0.337550,0.061696,0.091228,-0.024191,0.010002,0.362478,0.164745,0.061413,0.113097,0.252625,-0.360026,-0.399894,-0.338064,-0.350370,0.240000,-0.239999,0.238035,0.050312,-0.151362,0.148435,0.350013,0.349992,-1.950000,1.949999,0.150000,0.150001,0.019994,-0.020000
-0.171457,0.316020,0.056480,0.066459,-0.034590,0.004283,0.352170,0.157135,0.066121,0.114048,0.332495,-0.360047,-0.399896,-0.370255,-0.346396,0.240000,-0.239999,0.238845,0.053405,-0.152145,0.148192,0.350014,0.349992,-1.950000,1.949999,0.150000,0.150000,0.019994,-0.020000
-0.135578,0.282398,0.048076,0.047323,-0.035553,-0.000404,0.340890,0.142320,0.071853,0.104421,0.429597,-0.360067,-0.399901,-0.409764,-0.333668,0.240000,-0.239999,0.239014,0.059820,-0.152822,0.147837,0.350015,0.349992,-1.950000,1.949999,0.150000,0.150000,0.019995,-0.020001
-0.095907,0.235164,0.033341,0.032563,-0.028162,-0.002367,0.336661,0.126973,0.076863,0.090395,0.523260,-0.360091,-0.399902,-0.448606,-0.320894,0.240000,-0.239999,0.239533,0.069724,-0.153498,0.147425,0.350016,0.349991,-1.950000,1.949999,0.150000,0.150000,0.019997,-0.020001
-0.056236,0.182083,0.016639,0.022534,-0.016481,-0.003027,0.336671,0.108437,0.081637,0.078133,0.601424,-0.360114,-0.399903,-0.487001,-0.317379,0.240000,-0.239999,0.239673,0.078827,-0.154080,0.147179,0.350018,0.349991,-1.950000,1.949999,0.150000,0.150000,0.019998,-0.020002
-0.022147,0.120604,-0.005709,0.012087,-0.009450,-0.003129,0.342581,0.083281,0.088477,0.067025,0.655885,-0.360141,-0.399899,-0.514537,-0.310848,0.240000,-0.239999,0.243353,0.088517,-0.154846,0.146876,0.350021,0.349990,-1.950000,1.949999,0.150000,0.150000,0.019999,-0.020002
0.011317,0.059319,-0.028119,0.005590,-0.004006,0.003727,0.347257,0.055263,0.089581,0.057463,0.665887,-0.360158,-0.399883,-0.534652,-0.299053,0.240000,-0.239999,0.242634,0.089415,-0.155878,0.146450,0.350023,0.349988,-1.950000,1.949999,0.150000,0.150000,0.019999,-0.020002
0.044849,0.002158,-0.047932,0.002959,-0.002600,0.015410,0.348592,0.022610,0.082510,0.048200,0.639892,-0.360167,-0.399852,-0.540789,-0.268890,0.240000,-0.239999,0.233542,0.085221,-0.157298,0.146517,0.350027,0.349985,-1.950001,1.949998,0.150000,0.150000,0.019998,-0.020002
0.080525,-0.047623,-0.063242,0.003023,-0.004239,0.029150,0.341196,-0.008432,0.069861,0.040839,0.593131,-0.360161,-0.399812,-0.543276,-0.228543,0.239999,-0.239999,0.217899,0.074575,-0.158889,0.146771,0.350029,0.349983,-1.950001,1.949998,0.149999,0.150000,0.019998,-0.020001
0.118250,-0.091541,-0.074153,0.010190,-0.008233,0.044769,0.330328,-0.039085,0.054318,0.036585,0.534929,-0.360142,-0.399770,-0.545838,-0.177075,0.239999,-0.239999,0.199006,0.060584,-0.160421,0.147037,0.350030,0.349980,-1.950001,1.949998,0.149999,0.150001,0.019997,-0.020000
0.155677,-0.133898,-0.081991,0.018132,-0.009658,0.058621,0.318052,-0.059705,0.040329,0.033348,0.479774,-0.360115,-0.399730,-0.551319,-0.118115,0.239999,-0.239999,0.176887,0.039395,-0.161469,0.147251,0.350030,0.349977,-1.950001,1.949998,0.149999,0.150001,0.019997,-0.019998
0.190104,-0.170863,-0.089880,0.025570,-0.010068,0.068885,0.312725,-0.074759,0.029832,0.031784,0.424038,-0.360088,-0.399696,-0.563115,-0.058575,0.239999,-0.239999,0.154193,0.022672,-0.162224,0.147412,0.350029,0.349974,-1.950001,1.949998,0.149999,0.150001,0.019997,-0.019997
0.227102,-0.201981,-0.097905,0.027311,-0.009364,0.073703,0.299642,-0.088815,0.023472,0.030375,0.363138,-0.360071,-0.399677,-0.597091,-0.011475,0.239998,-0.239999,0.139366,0.005315,-0.162680,0.147445,0.350028,0.349972,-1.950001,1.949998,0.149999,0.150001,0.019998,-0.019996
0.263308,-0.232069,-0.106597,0.027055,-0.011174,0.073854,0.281516,-0.103348,0.024088,0.031217,0.306882,-0.360068,-0.399673,-0.645438,0.019200,0.239998,-0.239999,0.132673,-0.006143,-0.162850,0.147358,0.350027,0.349971,-1.950000,1.949998,0.149999,0.150001,0.019998,-0.019995
0.301523,-0.253727,-0.116222,0.031690,-0.011509,0.076071,0.272051,-0.119147,0.019878,0.031518,0.242362,-0.360067,-0.399668,-0.707260,0.033793,0.239998,-0.239999,0.123071,-0.013615,-0.163168,0.147200,0.350027,0.349970,-1.950000,1.949999,0.149999,0.150001,0.019998,-0.019995
0.334614,-0.269034,-0.125389,0.036686,-0.012147,0.076825,0.268784,-0.137547,0.014905,0.031874,0.188215,-0.360069,-0.399666,-0.757654,0.044619,0.239998,-0.239999,0.114158,-0.020385,-0.163423,0.147135,0.350027,0.349971,-1.950000,1.949999,0.149999,0.150001,0.019998,-0.019994
0.363404,-0.277951,-0.133442,0.042827,-0.012791,0.076807,0.269906,-0.146754,0.010480,0.029893,0.148511,-0.360065,-0.399661,-0.794664,0.054248,0.239999,-0.240000,0.105358,-0.023086,-0.163331,0.147048,0.350027,0.349970,-1.950000,1.949999,0.149999,0.150001,0.019998,-0.019994
0.390105,-0.281695,-0.141471,0.052800,-0.016585,0.077160,0.271971,-0.152351,0.008278,0.029250,0.128904,-0.360056,-0.399652,-0.805033,0.073333,0.239999,-0.240000,0.102541,-0.021928,-0.162931,0.146844,0.350025,0.349969,-1.950000,1.949998,0.149999,0.150001,0.019998,-0.019993
0.419030,-0.277095,-0.146216,0.063794,-0.016664,0.078984,0.275055,-0.148348,0.005298,0.020960,0.131636,-0.360038,-0.399638,-0.784145,0.086074,0.239999,-0.240000,0.102551,-0.024901,-0.162235,0.146967,0.350023,0.349966,-1.950000,1.949998,0.149999,0.150001,0.019998,-0.019992
0.439317,-0.261326,-0.148007,0.072970,-0.017853,0.077414,0.271571,-0.136943,0.006606,0.032663,0.143196,-0.360025,-0.399628,-0.741684,0.095548,0.239999,-0.240000,0.115841,-0.029168,-0.161365,0.147367,0.350022,0.349964,-1.950000,1.949998,0.149999,0.150001,0.019997,-0.019992
0.447943,-0.240418,-0.142368,0.079921,-0.021692,0.070327,0.260193,-0.117620,0.016294,0.089453,0.151714,-0.360019,-0.399635,-0.697786,0.089848,0.239999,-0.240000,0.131330,-0.044071,-0.159940,0.147743,0.350021,0.349962,-1.950000,1.949998,0.149999,0.150001,0.019997,-0.019992
0.427767,-0.215365,-0.133575,0.084246,-0.023302,0.060868,0.258881,-0.092412,0.033840,0.182499,0.154660,-0.360024,-0.399650,-0.656556,0.081443,0.239999,-0.240000,0.141324,-0.046616,-0.158356,0.148048,0.350021,0.349961,-1.950000,1.949998,0.149999,0.150001,0.019997,-0.019992
0.370293,-0.182854,-0.117012,0.078542,-0.021250,0.049997,0.262390,-0.060657,0.055391,0.302499,0.149064,-0.360032,-0.399675,-0.634406,0.061706,0.239999,-0.240000,0.146634,-0.042746,-0.156765,0.148215,0.350021,0.349961,-1.950000,1.949998,0.149999,0.150001,0.019997,-0.019992
0.296061,-0.143802,-0.092446,0.070950,-0.015508,0.039012,0.260232,-0.033800,0.077386,0.422499,0.143224,-0.360039,-0.399708,-0.618889,0.036210,0.239999,-0.240000,0.148169,-0.036721,-0.154975,0.148184,0.350021,0.349963,-1.950000,1.949998,0.149999,0.150001,0.019998,-0.019994
0.216350,-0.101596,-0.065457,0.067173,-0.006975,0.030784,0.253366,-0.010987,0.094160,0.542499,0.136354,-0.360042,-0.399741,-0.613330,0.015811,0.240000,-0.240000,0.144767,-0.024380,-0.153223,0.147939,0.350020,0.349965,-1.950000,1.949998,0.150000,0.150001,0.019999,-0.019995
0.148882,-0.059301,-0.041529,0.074779,0.001263,0.025439,0.239690,0.004185,0.102580,0.662499,0.134292,-0.360035,-0.399771,-0.618116,-0.010251,0.240000,-0.239999,0.134564,-0.014935,-0.151732,0.147305,0.350018,0.349968,-1.950000,1.949998,0.150000,0.150001,0.019999,-0.019996
0.100006,-0.013575,-0.021239,0.087789,0.015792,0.025458,0.222600,0.012736,0.099077,0.729302,0.133988,-0.360018,-0.399795,-0.623319,-0.044418,0.240000,-0.239999,0.125942,-0.016071,-0.150866,0.146731,0.350015,0.349970,-1.950000,1.949998,0.150000,0.150001,0.019999,-0.019998
0.060984,0.028529,-0.005765,0.102265,0.027548,0.025924,0.199113,0.017614,0.090050,0.723762,0.134722,-0.360005,-0.399816,-0.627006,-0.079321,0.240001,-0.239999,0.126726,-0.022625,-0.150508,0.146446,0.350013,0.349973,-1.950000,1.949998,0.150000,0.150001,0.019999,-0.019999
0.025269,0.060034,0.008200,0.118281,0.034181,0.026068,0.185115,0.018621,0.082721,0.689315,0.138560,-0.359990,-0.399837,-0.626552,-0.110382,0.240001,-0.240000,0.124802,-0.028353,-0.150108,0.146265,0.350011,0.349975,-1.950000,1.949999,0.150000,0.150001,0.019998,-0.020000
-0.016791,0.078603,0.014289,0.126655,0.039372,0.028338,0.184331,0.019091,0.080117,0.618170,0.141920,-0.359983,-0.399848,-0.624227,-0.132200,0.240001,-0.240000,0.127120,-0.021938,-0.150117,0.146331,0.350011,0.349976,-1.950000,1.949999,0.150000,0.150001,0.019998,-0.020001
-0.064967,0.095916,0.022041,0.125634,0.046330,0.031933,0.186311,0.028466,0.081294,0.535181,0.144637,-0.359979,-0.399856,-0.625692,-0.159478,0.240001,-0.240000,0.138470,-0.015453,-0.150134,0.146666,0.350011,0.349976,-1.950000,1.949999,0.150000,0.150001,0.019998,-0.020001
-0.099572,0.115779,0.032829,0.129928,0.054250,0.036760,0.189171,0.038159,0.084165,0.440984,0.150556,-0.359974,-0.399860,-0.621726,-0.190510,0.240001,-0.239999,0.157648,-0.008969,-0.149796,0.147080,0.350010,0.349975,-1.950000,1.949999,0.150000,0.150001,0.019998,-0.020002
-0.125624,0.143567,0.041354,0.136510,0.063427,0.041207,0.199729,0.056475,0.086686,0.341439,0.154181,-0.359971,-0.399863,-0.611387,-0.229339,0.240001,-0.239999,0.181375,-0.007769,-0.149444,0.147454,0.350009,0.349976,-1.950000,1.949999,0.150000,0.150001,0.019998,-0.020002
-0.146287,0.175379,0.048130,0.146433,0.069605,0.042540,0.221138,0.081806,0.089321,0.248224,0.155483,-0.359967,-0.399865,-0.584782,-0.276810,0.240001,-0.239999,0.197756,-0.009465,-0.149028,0.147728,0.350007,0.349977,-1.950000,1.949999,0.150000,0.150000,0.019998,-0.020001
-0.167960,0.209860,0.052297,0.153522,0.073902,0.041898,0.252981,0.110416,0.092188,0.169668,0.150157,-0.359966,-0.399866,-0.538316,-0.320190,0.240001,-0.239999,0.207977,-0.015164,-0.148519,0.147731,0.350005,0.349977,-1.950000,1.949999,0.150000,0.150000,0.019998,-0.020001
-0.189754,0.245486,0.054224,0.160008,0.074498,0.040033,0.290915,0.139163,0.092796,0.100790,0.138976,-0.359966,-0.399867,-0.483087,-0.362696,0.240001,-0.239999,0.208702,-0.022210,-0.148172,0.147642,0.350004,0.349979,-1.950000,1.949999,0.150000,0.150000,0.019998,-0.020000
-0.210715,0.278890,0.057179,0.164503,0.073087,0.037956,0.321473,0.166922,0.092249,0.048917,0.125459,-0.359965,-0.399869,-0.425898,-0.397934,0.240001,-0.239999,0.207830,-0.031406,-0.147686,0.147487,0.350002,0.349981,-1.950000,1.949999,0.150000,0.150001,0.019998,-0.019999
-0.225170,0.306088,0.057053,0.163457,0.069538,0.036357,0.344109,0.188288,0.088981,0.012215,0.111959,-0.359966,-0.399872,-0.377095,-0.424357,0.240001,-0.239999,0.207584,-0.039185,-0.147418,0.147131,0.350001,0.349982,-1.950000,1.949999,0.150000,0.150001,0.019998,-0.019999
-0.232560,0.329714,0.058326,0.162250,0.063255,0.035171,0.359312,0.195859,0.084340,-0.008717,0.102377,-0.359967,-0.399874,-0.339694,-0.435208,0.240001,-0.239999,0.210548,-0.034352,-0.147142,0.146814,0.350001,0.349982,-1.950000,1.949999,0.150000,0.150001,0.019998,-0.019999
-0.229871,0.346861,0.059572,0.162021,0.053878,0.034266,0.366218,0.189414,0.077949,-0.013429,0.100463,-0.359968,-0.399879,-0.322085,-0.436810,0.240001,-0.239999,0.216566,-0.021172,-0.146923,0.146354,0.350000,0.349983,-1.950000,1.949999,0.150000,0.150001,0.019998,-0.019999
-0.218910,0.360436,0.058882,0.158386,0.044042,0.033205,0.367878,0.177419,0.070068,-0.010028,0.108301,-0.359971,-0.399882,-0.323626,-0.429336,0.240001,-0.239999,0.224139,-0.004471,-0.147025,0.146051,0.350001,0.349985,-1.950000,1.949999,0.150000,0.150001,0.019998,-0.019999
-0.204371,0.367578,0.057261,0.151260,0.031229,0.030597,0.367829,0.162494,0.060607,0.002828,0.120165,-0.359977,-0.399882,-0.334061,-0.419905,0.240001,-0.239999,0.227405,0.015391,-0.147540,0.146122,0.350002,0.349985,-1.950000,1.949999,0.150000,0.150001,0.019997,-0.019999
-0.192234,0.363251,0.052588,0.140976,0.018126,0.026512,0.368783,0.154612,0.054425,0.021813,0.144222,-0.359987,-0.399876,-0.347178,-0.408583,0.240001,-0.239999,0.226561,0.032064,-0.148048,0.146245,0.350004,0.349984,-1.950000,1.949999,0.150000,0.150001,0.019997,-0.020000
-0.184302,0.353502,0.047032,0.126334,0.004040,0.020984,0.372183,0.153649,0.052615,0.042372,0.179589,-0.359999,-0.399869,-0.364257,-0.402612,0.240001,-0.239999,0.223779,0.042429,-0.148445,0.146379,0.350006,0.349981,-1.950000,1.949999,0.150000,0.150001,0.019997,-0.020000
-0.175374,0.335117,0.040440,0.106882,-0.007333,0.015013,0.369236,0.158514,0.053980,0.060952,0.236541,-0.360013,-0.399863,-0.389016,-0.399636,0.240001,-0.239999,0.222251,0.045761,-0.148663,0.146370,0.350008,0.349978,-1.950000,1.949999,0.150000,0.150001,0.019998,-0.019999
-0.161308,0.304853,0.031205,0.084486,-0.017784,0.009382,0.368177,0.157339,0.059469,0.076189,0.313477,-0.360028,-0.399855,-0.416000,-0.394345,0.240001,-0.239999,0.218764,0.050424,-0.148802,0.146065,0.350009,0.349975,-1.950000,1.949998,0.150000,0.150001,0.019999,-0.019999
-0.139394,0.265693,0.020699,0.065816,-0.027524,0.003590,0.367243,0.142151,0.066861,0.083894,0.400553,-0.360044,-0.399850,-0.444573,-0.387544,0.240001,-0.239998,0.214581,0.059844,-0.148912,0.145653,0.350009,0.349971,-1.950000,1.949998,0.150000,0.150000,0.020001,-0.019999
-0.109707,0.218539,0.008995,0.050624,-0.035748,-0.001460,0.370454,0.116022,0.072633,0.083861,0.481322,-0.360059,-0.399847,-0.473862,-0.378235,0.240001,-0.239998,0.209850,0.075518,-0.149047,0.145200,0.350010,0.349969,-1.950000,1.949998,0.150000,0.150000,0.020002,-0.019998
-0.072675,0.172519,-0.005046,0.037890,-0.037239,-0.004065,0.377919,0.085834,0.075011,0.074758,0.542439,-0.360072,-0.399841,-0.499911,-0.361497,0.240001,-0.239998,0.206255,0.092423,-0.149303,0.144721,0.350011,0.349967,-1.950000,1.949998,0.150000,0.150000,0.020002,-0.019998
-0.029734,0.123816,-0.021898,0.028847,-0.035150,-0.004952,0.382512,0.055744,0.072347,0.060379,0.563133,-0.360083,-0.399832,-0.527103,-0.349976,0.240001,-0.239998,0.199283,0.101332,-0.149994,0.144378,0.350011,0.349966,-1.950000,1.949998,0.149999,0.150000,0.020002,-0.019998
0.009224,0.070578,-0.039008,0.023090,-0.032741,-0.003210,0.387073,0.025296,0.068028,0.046966,0.551994,-0.360095,-0.399821,-0.543245,-0.323426,0.240001,-0.239998,0.189100,0.110899,-0.150980,0.144387,0.350013,0.349965,-1.950001,1.949998,0.149999,0.150000,0.020003,-0.019998
0.042325,0.021022,-0.054156,0.017838,-0.033337,-0.000218,0.391216,-0.008539,0.062952,0.032808,0.509524,-0.360103,-0.399810,-0.548956,-0.286641,0.240000,-0.239998,0.179538,0.117352,-0.151959,0.144370,0.350014,0.349964,-1.950001,1.949998,0.149999,0.150000,0.020004,-0.019998
0.073363,-0.026206,-0.068021,0.013207,-0.035003,0.004467,0.386180,-0.042800,0.056811,0.020870,0.460220,-0.360111,-0.399800,-0.548413,-0.240188,0.240000,-0.239998,0.170363,0.118602,-0.153136,0.144484,0.350016,0.349963,-1.950001,1.949998,0.149999,0.150000,0.020004,-0.019998
0.107313,-0.080886,-0.081333,0.010064,-0.044353,0.006239,0.372436,-0.070848,0.057177,0.011761,0.413504,-0.360122,-0.399796,-0.541891,-0.183701,0.240000,-0.239999,0.157379,0.112083,-0.154410,0.144601,0.350017,0.349963,-1.950001,1.949998,0.149999,0.150001,0.020004,-0.019998
0.146126,-0.131842,-0.093018,0.014829,-0.047308,0.010874,0.363524,-0.092014,0.054698,0.008058,0.373995,-0.360127,-0.399790,-0.538134,-0.118342,0.240000,-0.239999,0.136626,0.098559,-0.155616,0.144788,0.350019,0.349962,-1.950001,1.949999,0.149999,0.150001,0.020004,-0.019997
0.182872,-0.173875,-0.101997,0.022805,-0.043385,0.018591,0.361961,-0.103900,0.049152,0.008473,0.336184,-0.360123,-0.399775,-0.537798,-0.044592,0.240000,-0.239999,0.117408,0.090445,-0.156630,0.145179,0.350020,0.349961,-1.950001,1.949999,0.149999,0.150001,0.020003,-0.019996
0.220542,-0.200734,-0.110437,0.025899,-0.032476,0.027529,0.357288,-0.110645,0.037862,0.009553,0.292104,-0.360108,-0.399756,-0.558601,0.004290,0.240000,-0.239999,0.105952,0.070766,-0.157497,0.145439,0.350021,0.349959,-1.950001,1.949999,0.149999,0.150001,0.020002,-0.019995
0.260989,-0.222152,-0.120208,0.025768,-0.016941,0.037139,0.345376,-0.114320,0.023566,0.012054,0.239524,-0.360088,-0.399732,-0.610017,0.024176,0.239999,-0.239999,0.098688,0.044023,-0.158231,0.145576,0.350021,0.349958,-1.950001,1.949999,0.149999,0.150001,0.020002,-0.019994
0.299472,-0.233868,-0.128547,0.024642,-0.000558,0.048266,0.333890,-0.126171,0.004563,0.014872,0.183664,-0.360063,-0.399706,-0.675822,0.031303,0.239999,-0.239999,0.097076,0.017897,-0.158827,0.145831,0.350022,0.349958,-1.950001,1.949999,0.149999,0.150001,0.020002,-0.019994
0.337188,-0.244631,-0.138214,0.023158,0.008747,0.056379,0.320943,-0.144355,-0.012125,0.017761,0.136300,-0.360047,-0.399685,-0.738043,0.029463,0.239999,-0.239999,0.098701,-0.007563,-0.159211,0.146012,0.350023,0.349957,-1.950000,1.949999,0.149999,0.150001,0.020001,-0.019993
0.373873,-0.259038,-0.150340,0.022172,0.005475,0.059060,0.306914,-0.170806,-0.022828,0.020311,0.105007,-0.360047,-0.399676,-0.783921,0.023496,0.239999,-0.239999,0.102313,-0.030303,-0.159342,0.146067,0.350024,0.349958,-1.950000,1.949999,0.149999,0.150001,0.020002,-0.019993
0.409263,-0.281689,-0.166058,0.022542,-0.015876,0.053892,0.292185,-0.207455,-0.023874,0.022113,0.097361,-0.360071,-0.399683,-0.800699,0.018237,0.239999,-0.239999,0.106664,-0.048273,-0.159177,0.145941,0.350025,0.349958,-1.950000,1.949999,0.149999,0.150001,0.020002,-0.019992
