joint_vel_0,joint_vel_1,joint_vel_2,joint_vel_3,joint_vel_4,joint_vel_5,joint_vel_6,joint_vel_7,joint_vel_8,joint_vel_9,joint_vel_10,joint_vel_11,joint_vel_12,joint_vel_13,joint_vel_14,joint_vel_15,joint_vel_16,joint_vel_17,joint_vel_18,joint_vel_19,joint_vel_20,joint_vel_21,joint_vel_22,joint_vel_23,joint_vel_24,joint_vel_25,joint_vel_26,joint_vel_27,joint_vel_28
-1.118752,-0.146352,-0.200312,-0.170737,-0.082417,-0.557562,-2.340234,0.281138,1.702580,1.881904,0.880129,-0.001602,-0.002154,-1.202146,-0.910920,0.000024,0.000000,1.517288,-0.232874,0.075480,-0.021366,0.000117,0.000237,-0.000009,0.000006,-0.000006,-0.000009,0.000033,-0.000081
-0.997714,-0.000929,-0.053217,-0.130414,-0.066980,-0.444856,-1.965986,0.380515,1.428315,2.137267,0.774876,-0.001107,-0.001860,-1.092847,-0.889658,0.000021,0.000000,1.257124,-0.375088,0.068013,-0.010029,0.000047,0.000206,-0.000006,0.000004,-0.000005,-0.000008,0.000022,-0.000060
-0.790217,0.242940,0.191370,-0.049691,-0.042598,-0.245533,-1.286291,0.532915,0.938834,2.507793,0.585773,-0.000252,-0.001326,-0.860867,-0.817225,0.000015,0.000000,0.778109,-0.580468,0.053862,0.009460,-0.000071,0.000150,-0.000002,0.000002,-0.000002,-0.000005,0.000000,-0.000024
-0.651877,0.392852,0.336755,0.031183,-0.031200,-0.098390,-0.744195,0.592607,0.567450,2.597914,0.439476,0.000330,-0.000902,-0.602118,-0.684973,0.000007,0.000000,0.381726,-0.627750,0.041272,0.022584,-0.000135,0.000106,0.000000,-0.000002,0.000002,-0.000003,-0.000016,0.000000
-0.590478,0.423773,0.362841,0.154605,-0.021365,0.005202,-0.315228,0.541640,0.349706,2.376886,0.366044,0.000597,-0.000601,-0.315576,-0.464194,0.000005,0.000000,0.034724,-0.485534,0.030867,0.026367,-0.000138,0.000076,0.000002,-0.000003,0.000002,-0.000003,-0.000026,0.000008
-0.623293,0.344439,0.275314,0.201706,-0.065795,0.021509,-0.123074,0.348119,0.237037,1.814221,0.331638,0.000529,-0.000444,0.040890,-0.149169,0.000003,0.000000,-0.161129,-0.127472,0.021765,0.025690,-0.000087,0.000075,0.000003,-0.000001,0.000002,-0.000001,-0.000021,-0.000004
-0.662187,0.251211,0.135586,0.203604,-0.100448,-0.004773,-0.057294,0.140985,0.149735,1.015534,0.202178,0.000337,-0.000294,0.411953,0.163881,0.000000,0.000000,-0.252257,0.291725,0.012495,0.023785,-0.000008,0.000066,0.000003,0.000000,0.000003,-0.000002,-0.000010,-0.000012
-0.662297,0.257268,0.055627,0.244880,-0.079824,-0.021439,0.031442,0.043741,0.084046,0.228010,0.029415,0.000173,-0.000095,0.618384,0.264014,-0.000002,0.000000,-0.292506,0.572579,0.003627,0.025454,0.000063,0.000028,0.000001,-0.000002,0.000002,-0.000002,-0.000003,-0.000006
-0.705349,0.304827,0.051794,0.231034,-0.054720,-0.023346,0.065351,-0.012139,0.051051,-0.509042,-0.108788,0.000105,0.000069,0.789541,0.259847,-0.000002,0.000000,-0.191624,0.817547,-0.003053,0.027239,0.000078,-0.000008,0.000002,-0.000004,0.000000,0.000000,0.000000,0.000001
-0.785209,0.333198,0.058733,0.201219,-0.023234,-0.014946,0.106142,0.020856,0.056464,-1.136254,-0.212273,0.000144,0.000201,0.895448,0.158884,0.000000,0.000000,-0.048150,0.874018,-0.004683,0.020433,0.000039,-0.000039,0.000003,-0.000004,0.000000,0.000000,-0.000003,0.000010
-0.844222,0.385952,0.072318,0.158144,-0.014546,-0.029500,0.192293,0.102536,0.072408,-1.524185,-0.231708,0.000134,0.000285,0.884173,-0.068532,-0.000002,0.000002,0.101627,0.762664,-0.003051,0.012088,-0.000005,-0.000054,0.000002,-0.000003,0.000000,0.000002,0.000001,0.000011
-0.872663,0.439223,0.105802,0.150058,-0.012091,-0.041171,0.343019,0.159562,0.087251,-1.710951,-0.195074,0.000072,0.000219,0.900556,-0.298153,-0.000002,0.000003,0.160194,0.638727,-0.001760,0.006339,-0.000025,-0.000027,0.000001,-0.000002,0.000002,0.000002,0.000003,0.000008
-0.868242,0.468728,0.143351,0.189342,0.003512,-0.042780,0.513405,0.250747,0.145615,-1.771696,-0.139633,0.000033,0.000068,0.918166,-0.521172,0.000002,0.000003,0.097615,0.368832,0.002441,-0.000915,-0.000032,0.000011,0.000001,0.000002,0.000002,0.000000,-0.000006,0.000004
-0.742384,0.550437,0.164448,0.211102,0.005775,-0.063738,0.608260,0.289324,0.166403,-1.803259,-0.171422,-0.000022,-0.000028,0.895878,-0.673301,0.000003,0.000005,0.038527,0.098294,0.006969,-0.004845,-0.000024,0.000032,-0.000001,0.000003,0.000002,0.000001,-0.000006,0.000000
-0.545204,0.633175,0.174458,0.198730,-0.015442,-0.092354,0.617566,0.307292,0.113860,-1.706809,-0.245825,-0.000068,-0.000123,0.862202,-0.750276,0.000003,0.000005,0.010879,-0.100412,0.008568,-0.002598,0.000006,0.000040,-0.000003,0.000003,0.000002,0.000001,-0.000003,0.000008
-0.382089,0.639180,0.164886,0.135890,-0.050308,-0.102759,0.553828,0.382618,0.067168,-1.350696,-0.270377,-0.000092,-0.000182,0.777376,-0.700509,0.000005,0.000003,0.032065,-0.264190,0.005955,0.002617,0.000039,0.000032,-0.000003,0.000003,0.000000,0.000000,-0.000001,0.000015
-0.247234,0.547054,0.106824,0.063524,-0.082303,-0.080397,0.497988,0.396090,0.025743,-0.935258,-0.253334,-0.000100,-0.000136,0.745226,-0.440325,0.000003,0.000003,0.054995,-0.251392,0.000730,0.002636,0.000048,0.000011,-0.000003,0.000002,0.000000,-0.000001,0.000003,0.000014
-0.092336,0.383588,0.030118,0.011559,-0.118495,-0.036858,0.436992,0.306820,-0.026809,-0.598900,-0.179422,-0.000066,-0.000054,0.707522,-0.093102,0.000000,0.000004,0.093635,-0.109517,-0.002267,-0.004956,0.000030,-0.000017,-0.000003,0.000002,0.000000,-0.000001,0.000006,0.000003
0.095499,0.282624,-0.028923,-0.055191,-0.152614,0.005406,0.276624,0.121306,-0.091499,-0.296318,-0.059942,-0.000059,0.000069,0.597002,0.242524,0.000000,0.000006,0.205531,0.137915,-0.002825,-0.014930,0.000006,-0.000041,-0.000003,0.000003,-0.000002,0.000000,0.000008,-0.000012
0.260922,0.198681,-0.044108,-0.116968,-0.222306,0.034232,0.143708,-0.185845,-0.155041,-0.073458,0.062094,-0.000081,0.000179,0.490343,0.466782,-0.000002,0.000006,0.213569,0.371081,-0.003081,-0.021610,-0.000008,-0.000055,-0.000003,0.000001,0.000000,0.000000,0.000006,-0.000024
0.366868,0.113018,-0.076066,-0.177826,-0.282574,0.034467,0.128004,-0.338002,-0.197683,0.010832,0.134635,-0.000072,0.000226,0.372487,0.523859,-0.000003,0.000003,0.144721,0.447667,-0.005553,-0.027150,-0.000019,-0.000059,-0.000002,0.000000,0.000002,0.000001,-0.000001,-0.000031
0.445993,0.078750,-0.137397,-0.272301,-0.339744,0.001340,0.218443,-0.290970,-0.230541,-0.019213,0.213129,-0.000109,0.000237,0.266513,0.483908,-0.000003,0.000000,0.100222,0.494958,-0.013864,-0.025488,-0.000018,-0.000051,0.000000,0.000000,0.000000,0.000001,-0.000010,-0.000025
0.473064,0.063707,-0.113382,-0.395655,-0.427794,-0.043359,0.292041,-0.207125,-0.257348,-0.052603,0.297928,-0.000117,0.000188,0.123068,0.248818,0.000000,-0.000003,0.043890,0.438581,-0.020649,-0.012997,0.000000,-0.000040,0.000002,-0.000001,0.000001,0.000002,-0.000026,-0.000006
0.413831,0.040783,-0.096373,-0.548392,-0.419159,-0.072855,0.285969,0.042652,-0.222878,-0.031125,0.412906,-0.000048,0.000144,-0.039985,0.039567,0.000003,-0.000005,0.038647,0.207865,-0.016854,-0.011587,0.000009,-0.000039,0.000003,-0.000003,0.000001,0.000003,-0.000036,0.000013
0.390851,-0.029769,-0.167432,-0.637142,-0.370245,-0.125227,0.292620,0.277055,-0.151003,-0.000754,0.644603,-0.000142,0.000209,-0.177847,0.028675,0.000000,-0.000005,0.020217,-0.053066,-0.006970,-0.021416,0.000027,-0.000062,0.000003,-0.000003,-0.000001,0.000002,-0.000024,0.000024
0.473031,-0.173968,-0.248804,-0.623659,-0.323514,-0.172543,0.233634,0.320792,-0.085543,-0.012394,1.066424,-0.000341,0.000259,-0.385853,0.065953,-0.000002,-0.000005,0.003583,-0.245620,-0.000701,-0.028778,0.000051,-0.000081,0.000002,-0.000003,-0.000001,-0.000002,-0.000001,0.000024
0.546387,-0.571143,-0.332072,-0.569323,-0.196216,-0.142615,-0.043439,0.326756,0.024610,-0.053402,1.841243,-0.000531,0.000237,-0.616622,0.147237,-0.000002,-0.000003,0.035901,-0.199996,0.001294,-0.034369,0.000069,-0.000075,0.000000,-0.000004,-0.000002,-0.000002,0.000021,0.000016
0.649238,-0.994899,-0.394718,-0.471385,0.001537,-0.079925,-0.233891,0.301868,0.098883,-0.073508,2.517585,-0.000657,0.000226,-0.866555,0.199467,-0.000003,0.000000,0.022401,-0.100175,0.002184,-0.035300,0.000079,-0.000063,-0.000002,-0.000006,-0.000003,-0.000002,0.000039,0.000003
0.759747,-1.135133,-0.494408,-0.393594,0.224885,-0.033023,-0.163041,0.257851,0.076883,-0.115892,2.492004,-0.000690,0.000229,-0.994653,0.162207,-0.000003,0.000001,0.009505,-0.066273,-0.006060,-0.031812,0.000085,-0.000045,-0.000002,-0.000004,-0.000002,-0.000003,0.000044,-0.000009
0.772785,-1.272175,-0.560020,-0.421037,0.333217,0.019736,0.002566,0.151335,0.045441,-0.208024,2.090587,-0.000668,0.000219,-0.833759,0.130656,-0.000002,0.000000,0.005029,0.165133,-0.023278,-0.016156,0.000095,-0.000013,0.000000,-0.000005,-0.000002,-0.000001,0.000032,-0.000012
0.769464,-1.360198,-0.486526,-0.443045,0.290336,0.072838,0.135210,-0.058280,0.015753,-0.253723,1.464457,-0.000492,0.000174,-0.676696,-0.064456,-0.000002,0.000000,-0.007541,0.252841,-0.035274,0.007626,0.000083,0.000013,0.000000,-0.000006,-0.000003,0.000000,0.000009,-0.000006
0.728217,-1.301230,-0.429335,-0.429376,0.203066,0.117470,0.142774,-0.221759,0.005354,-0.232694,0.595858,-0.000293,0.000171,-0.538936,-0.217292,-0.000002,0.000000,0.007398,0.074234,-0.038214,0.015744,0.000054,0.000016,0.000000,-0.000004,-0.000003,0.000001,-0.000009,0.000000
0.730501,-1.190272,-0.421684,-0.360321,0.037722,0.127298,0.031756,-0.461285,-0.000823,-0.174117,-0.333325,-0.000246,0.000259,-0.376384,-0.008745,-0.000001,-0.000001,0.015165,-0.085368,-0.038583,0.011499,0.000036,0.000002,0.000000,-0.000002,-0.000003,0.000001,-0.000014,-0.000003
0.787240,-1.168327,-0.365267,-0.253177,-0.172867,0.079457,-0.226350,-0.737152,0.044038,-0.129563,-0.967642,-0.000276,0.000206,-0.245614,0.311817,-0.000003,-0.000001,0.052547,-0.297799,-0.032688,0.003158,0.000019,-0.000005,-0.000002,0.000003,-0.000003,0.000002,-0.000012,-0.000003
0.809376,-1.318137,-0.262129,-0.111766,-0.242524,0.089688,-0.468881,-0.825290,0.072123,-0.104642,-1.120135,-0.000206,0.000139,-0.183246,0.705975,-0.000006,0.000003,-0.029048,-0.405117,-0.022363,-0.003456,0.000005,0.000000,-0.000002,0.000006,-0.000002,0.000003,-0.000006,0.000005
0.933167,-1.192366,-0.165324,0.159545,-0.081001,0.171080,-0.447740,-0.812625,-0.095135,-0.036168,-1.327384,0.000057,0.000296,-0.248254,1.217509,-0.000009,0.000004,-0.290637,-0.431962,-0.017030,-0.005430,0.000011,0.000008,-0.000002,0.000006,0.000000,0.000003,0.000000,0.000015
0.954789,-0.863917,-0.122609,0.345486,0.144196,0.260351,-0.217900,-0.814009,-0.304329,-0.014951,-1.664345,0.000327,0.000480,-0.328310,1.661976,-0.000010,0.000003,-0.403016,-0.230754,-0.022895,-0.000473,0.000038,0.000017,-0.000002,0.000008,0.000000,0.000003,0.000000,0.000019
0.827648,-0.713240,-0.080188,0.276302,0.247186,0.318261,-0.109292,-0.792847,-0.394863,-0.052969,-1.857199,0.000474,0.000641,-0.246567,1.824157,-0.000012,0.000002,-0.475333,0.019437,-0.029533,0.013467,0.000063,0.000016,0.000000,0.000007,0.000000,0.000003,-0.000003,0.000021
0.814364,-0.625851,-0.066909,0.153484,0.279786,0.334464,-0.164591,-0.706754,-0.429030,-0.040804,-1.905185,0.000558,0.000726,-0.366088,1.662062,-0.000012,0.000003,-0.493417,-0.111540,-0.032058,0.023661,0.000057,0.000005,0.000000,0.000004,0.000000,0.000002,-0.000004,0.000024
0.842201,-0.615291,-0.132900,0.063055,0.268184,0.329482,-0.326522,-0.591782,-0.422315,-0.007149,-1.876671,0.000547,0.000731,-0.738017,1.327366,-0.000010,0.000003,-0.342015,-0.315864,-0.035695,0.025891,0.000039,-0.000009,0.000000,0.000002,0.000000,0.000000,-0.000004,0.000018
0.883047,-0.609902,-0.205868,-0.000088,0.185438,0.250430,-0.512478,-0.533315,-0.376010,0.030624,-1.759318,0.000377,0.000570,-1.137755,0.916164,-0.000006,-0.000002,-0.119097,-0.441200,-0.036349,0.025641,0.000025,0.000003,0.000002,0.000000,0.000000,0.000000,-0.000005,0.000013
0.878600,-0.599666,-0.252809,-0.072606,0.060436,0.104086,-0.624652,-0.584725,-0.252484,0.048234,-1.376374,0.000080,0.000204,-1.355359,0.462362,-0.000002,-0.000005,0.139778,-0.597148,-0.026377,0.018465,0.000014,0.000021,0.000002,0.000000,-0.000002,-0.000002,-0.000006,0.000017
0.857859,-0.551186,-0.282428,-0.029981,-0.043095,0.005344,-0.484709,-0.608405,-0.175805,0.046989,-0.897234,-0.000096,-0.000005,-1.403230,0.128502,-0.000002,-0.000006,0.161615,-0.694247,-0.011990,0.006861,0.000009,0.000027,0.000002,0.000000,-0.000002,-0.000003,-0.000007,0.000023
0.885564,-0.373882,-0.285962,0.197255,-0.063916,-0.022057,-0.174315,-0.602922,-0.209053,0.046550,-0.428837,-0.000137,-0.000035,-1.274910,0.124430,-0.000002,-0.000007,0.042341,-0.523814,-0.001181,-0.002598,0.000015,0.000030,0.000003,0.000002,0.000000,-0.000002,-0.000003,0.000025
0.826568,-0.186106,-0.251683,0.303291,-0.034497,-0.006027,0.020157,-0.539825,-0.190101,0.015011,0.081682,-0.000220,-0.000125,-0.832779,0.261580,0.000000,-0.000007,0.101537,-0.098564,0.003511,-0.002877,0.000033,0.000032,0.000003,0.000002,-0.000001,0.000002,0.000001,0.000018
0.826685,0.003713,-0.209023,0.307047,-0.014771,0.032104,0.076578,-0.296527,-0.128260,-0.047224,0.354512,-0.000243,-0.000191,-0.147088,0.259629,-0.000002,-0.000006,0.032179,0.076940,0.008705,-0.001563,0.000041,0.000028,0.000003,-0.000003,-0.000001,0.000003,0.000003,0.000008
0.844757,0.144528,-0.105906,0.279024,-0.060398,0.017235,-0.030013,0.020701,-0.022219,0.093843,0.448986,-0.000130,-0.000196,0.592489,0.329989,-0.000003,-0.000005,-0.071602,-0.032485,0.025160,-0.006399,0.000010,0.000003,0.000003,-0.000004,0.000001,0.000003,0.000009,0.000001
0.796728,0.293706,0.076556,0.239554,-0.053833,-0.050400,-0.197906,0.349701,0.075833,0.507627,0.399736,0.000033,-0.000223,1.148060,0.280575,-0.000003,-0.000002,-0.017626,-0.181953,0.040661,-0.003278,-0.000028,-0.000022,0.000000,-0.000003,0.000001,0.000002,0.000018,-0.000004
0.723790,0.518877,0.215400,0.304479,0.006048,-0.146811,-0.179950,0.590159,0.145226,1.125941,0.237249,0.000084,-0.000400,1.354925,-0.024209,0.000000,-0.000003,0.027798,-0.330608,0.044821,0.004732,-0.000060,-0.000025,-0.000003,-0.000003,0.000000,0.000002,0.000019,0.000000
0.229070,0.712855,0.324594,0.280074,0.011803,-0.261289,0.002393,0.738692,0.298284,2.117261,0.133869,0.000043,-0.000709,1.245582,-0.440507,0.000005,-0.000006,-0.021769,-0.454342,0.045421,0.010980,-0.000103,-0.000025,-0.000004,-0.000003,0.000000,0.000002,0.000012,0.000008
-0.748716,0.817752,0.463085,0.057830,-0.004008,-0.370687,0.216483,0.906723,0.468568,3.163327,0.038710,0.000019,-0.000969,0.780291,-0.988087,0.000009,-0.000003,-0.215100,-0.581902,0.045342,0.017495,-0.000135,-0.000012,-0.000006,-0.000003,0.000000,-0.000003,0.000012,0.000000
-1.696954,0.900672,0.635340,-0.117448,0.011124,-0.392176,0.226782,0.906339,0.542937,3.600000,-0.002102,-0.000008,-0.001082,0.231121,-1.265008,0.000015,0.000000,-0.283161,-0.426822,0.044421,0.020703,-0.000138,0.000009,-0.000006,-0.000001,0.000000,-0.000006,0.000011,-0.000012
-2.335241,1.049076,0.772999,-0.222080,0.117303,-0.299152,-0.051355,0.806925,0.523552,3.599999,-0.041209,-0.000003,-0.000996,-0.127394,-1.222188,0.000018,0.000003,-0.166643,-0.137857,0.040086,0.019266,-0.000132,0.000009,-0.000003,0.000003,0.000000,-0.000006,0.000000,-0.000026
-2.601104,1.165594,0.749690,-0.195003,0.257718,-0.145426,-0.256075,0.808210,0.411586,3.599999,-0.061923,0.000090,-0.000755,-0.324899,-0.965941,0.000013,0.000006,-0.122473,0.165150,0.029381,0.012293,-0.000119,0.000015,0.000000,0.000004,0.000000,-0.000006,-0.000005,-0.000037
-2.595547,1.211465,0.696559,-0.177207,0.313382,-0.026625,-0.448283,0.764730,0.298549,3.488796,-0.046306,0.000259,-0.000468,-0.225278,-0.556900,0.000009,0.000006,-0.037719,0.281361,0.021900,0.006548,-0.000107,0.000027,0.000002,0.000004,0.000002,-0.000006,-0.000001,-0.000045
-2.212786,1.304124,0.648443,-0.041735,0.392287,0.051459,-0.668560,0.585314,0.145433,1.809926,-0.059941,0.000471,-0.000245,-0.073381,-0.353040,0.000005,0.000005,0.180555,0.234335,0.016053,0.005289,-0.000091,0.000048,0.000002,0.000006,0.000002,-0.000006,0.000003,-0.000045
-1.531419,1.287463,0.457625,0.352606,0.434596,0.120595,-0.630381,0.350726,-0.008368,-0.679937,-0.044682,0.000571,-0.000099,0.081007,-0.306554,-0.000002,0.000002,0.309622,0.362366,0.006876,0.001217,-0.000065,0.000075,0.000003,0.000006,0.000002,-0.000003,-0.000003,-0.000030
-1.137815,1.111355,0.286914,0.564572,0.345600,0.142943,-0.382343,0.207247,-0.005238,-2.109963,0.019268,0.000564,-0.000054,0.279222,-0.379263,-0.000003,-0.000002,0.299806,0.542551,0.002574,0.002271,-0.000053,0.000072,0.000004,0.000003,0.000003,-0.000002,-0.000013,-0.000012
-1.094948,0.911111,0.209708,0.536851,0.241024,0.135054,0.043956,0.154180,0.059252,-2.948866,0.098448,0.000528,-0.000068,0.423141,-0.605251,-0.000003,-0.000002,0.191542,0.671839,0.002480,0.010800,-0.000039,0.000062,0.000003,-0.000002,0.000002,-0.000002,-0.000017,0.000000
-1.049613,0.785843,0.146826,0.515291,0.148069,0.134650,0.454569,0.152690,0.095785,-3.439970,0.141150,0.000420,-0.000048,0.569647,-0.807262,0.000000,0.000000,0.177330,0.756013,0.002481,0.015455,-0.000019,0.000049,0.000004,-0.000004,0.000002,0.000002,-0.000026,0.000014
-0.938899,0.784008,0.129614,0.474387,0.084424,0.109927,0.634830,0.282605,0.132945,-3.524489,0.113172,0.000288,0.000112,0.752546,-1.040288,0.000002,0.000002,0.212327,0.602085,0.008382,0.012450,-0.000027,-0.000006,0.000003,-0.000004,0.000002,0.000002,-0.000030,0.000024
-0.840579,0.792244,0.102863,0.418722,0.045318,0.032231,0.767907,0.507731,0.131233,-3.107747,0.029749,0.000162,0.000212,0.942576,-1.203534,0.000002,0.000003,0.119982,0.291113,0.010367,0.008751,-0.000049,-0.000044,0.000000,-0.000002,0.000000,0.000000,-0.000021,0.000027
-0.747691,0.805080,0.090973,0.322416,0.011170,-0.038344,0.903449,0.604123,0.082706,-2.317466,-0.090065,0.000022,0.000120,1.148529,-1.182496,0.000003,0.000003,-0.009399,-0.109564,0.001981,0.011275,-0.000055,-0.000030,-0.000002,0.000002,0.000000,0.000000,-0.000010,0.000018
-0.624702,0.780655,0.103463,0.208039,-0.046555,-0.080944,0.906841,0.540224,0.032381,-1.748298,-0.188283,-0.000066,0.000052,1.269625,-1.106261,0.000002,0.000003,-0.088411,-0.366871,-0.001416,0.007684,-0.000036,-0.000012,-0.000004,0.000003,0.000000,0.000002,0.000001,0.000001
-0.435024,0.625164,0.090493,0.135569,-0.150805,-0.084599,0.777841,0.323110,-0.020501,-1.407823,-0.224104,-0.000120,0.000075,1.378610,-0.810140,0.000000,0.000004,-0.114610,-0.166130,-0.002856,0.000632,0.000000,-0.000002,-0.000006,0.000004,-0.000002,0.000002,0.000010,-0.000012
-0.266990,0.448158,0.097150,0.037888,-0.226249,-0.042486,0.612633,0.029558,-0.085605,-0.901333,-0.189677,-0.000165,0.000093,1.477377,-0.137988,-0.000002,0.000006,-0.057800,0.285216,-0.007301,0.000099,0.000025,0.000005,-0.000004,0.000004,-0.000002,0.000000,0.000015,-0.000021
-0.127076,0.327904,0.081666,-0.014696,-0.210334,-0.000361,0.445055,-0.110082,-0.158674,-0.421008,-0.114054,-0.000206,0.000040,1.349325,0.369544,-0.000003,0.000005,0.033641,0.519992,-0.013109,0.001239,0.000043,0.000024,-0.000003,0.000002,0.000000,0.000000,0.000014,-0.000028
0.026958,0.270294,0.018392,-0.088477,-0.193759,0.024548,0.305902,-0.168846,-0.226289,-0.119275,-0.008787,-0.000303,0.000018,0.968712,0.594323,-0.000002,0.000003,0.146049,0.581080,-0.020373,0.004013,0.000075,0.000045,-0.000002,-0.000002,0.000000,0.000002,0.000001,-0.000030
0.178092,0.184451,-0.012893,-0.188032,-0.225996,0.002200,0.105311,-0.225223,-0.225814,0.081914,0.186873,-0.000360,0.000108,0.544859,0.601279,-0.000002,0.000003,0.250232,0.511288,-0.015802,-0.001396,0.000078,0.000019,0.000000,-0.000003,0.000000,0.000002,-0.000004,-0.000024
0.224357,0.057526,-0.039951,-0.253549,-0.262212,-0.051599,-0.027212,-0.172511,-0.182308,0.257186,0.330313,-0.000365,0.000193,0.171510,0.430807,-0.000003,0.000003,0.291983,0.285122,-0.009945,-0.010248,0.000054,-0.000021,-0.000002,-0.000002,0.000002,0.000002,0.000000,-0.000018
0.176391,-0.023299,-0.059235,-0.331203,-0.315553,-0.083837,0.033611,-0.047765,-0.144727,0.357021,0.456771,-0.000378,0.000162,-0.107315,0.150570,-0.000003,0.000002,0.222849,0.021259,-0.012111,-0.011774,0.000048,-0.000019,-0.000002,-0.000003,0.000002,0.000002,-0.000003,-0.000012
0.107331,-0.153550,-0.081707,-0.478084,-0.392302,-0.114284,0.176052,0.121682,-0.040596,0.415587,0.671649,-0.000320,0.000081,-0.316804,-0.298862,-0.000003,-0.000002,0.134967,-0.267758,-0.009051,-0.019824,0.000042,-0.000019,0.000000,-0.000004,-0.000002,0.000000,-0.000009,-0.000004
0.168998,-0.287662,-0.131823,-0.577012,-0.417595,-0.134598,0.269468,0.200428,0.063788,0.446622,0.987125,-0.000202,-0.000003,-0.501227,-0.389856,-0.000002,-0.000003,0.099955,-0.290939,-0.003595,-0.031656,0.000018,-0.000039,0.000002,-0.000003,-0.000003,0.000000,-0.000010,0.000003
0.380075,-0.418370,-0.199241,-0.559448,-0.331810,-0.131663,0.207384,0.161374,0.102492,0.366798,1.460866,-0.000130,-0.000098,-0.716154,-0.183219,-0.000002,-0.000006,0.072509,-0.191087,-0.001771,-0.038783,-0.000006,-0.000041,0.000003,-0.000003,-0.000002,0.000000,-0.000012,0.000009
0.619444,-0.677084,-0.268168,-0.472245,-0.178358,-0.097079,0.041883,0.074013,0.126265,0.213362,2.053558,-0.000129,-0.000144,-0.977309,-0.085973,-0.000002,-0.000006,0.040914,-0.133239,-0.001350,-0.040608,-0.000008,-0.000030,0.000004,-0.000003,0.000000,-0.000002,-0.000008,0.000006
0.792113,-1.039009,-0.335958,-0.426413,-0.012604,-0.035319,-0.065024,-0.116339,0.155617,0.003115,2.625298,-0.000218,-0.000018,-1.040766,0.264840,0.000000,-0.000003,0.004899,0.158099,-0.001709,-0.034284,0.000028,-0.000039,0.000004,-0.000004,-0.000002,-0.000002,0.000001,0.000003
0.857305,-1.375897,-0.416169,-0.407612,0.115844,-0.004540,-0.063333,-0.283085,0.182158,-0.146502,2.769120,-0.000329,0.000196,-0.883757,0.604735,0.000000,0.000000,0.004312,0.344793,-0.003673,-0.027387,0.000055,-0.000072,0.000003,-0.000006,-0.000003,-0.000002,0.000009,0.000004
0.852081,-1.543332,-0.470752,-0.365316,0.184666,0.027760,0.023558,-0.437994,0.171491,-0.229381,2.280457,-0.000393,0.000437,-0.669314,0.709924,0.000000,0.000003,0.013555,0.356781,-0.010538,-0.018816,0.000062,-0.000105,0.000000,-0.000005,-0.000003,-0.000002,0.000014,0.000001
0.803202,-1.549156,-0.459225,-0.369381,0.173354,0.078301,0.141399,-0.584523,0.108669,-0.319258,1.464137,-0.000348,0.000579,-0.458027,0.643128,0.000000,0.000005,-0.048871,0.331277,-0.020831,-0.006202,0.000071,-0.000096,-0.000003,-0.000002,-0.000003,-0.000002,0.000010,-0.000003
0.755341,-1.522115,-0.448416,-0.377815,0.072001,0.111051,0.142282,-0.695910,0.047085,-0.338287,0.344376,-0.000282,0.000586,-0.263468,0.530224,0.000000,0.000006,-0.132298,0.123652,-0.028914,-0.002235,0.000078,-0.000060,-0.000003,-0.000001,-0.000005,-0.000002,0.000001,-0.000003
0.799524,-1.379925,-0.445044,-0.300758,-0.060264,0.119253,0.002341,-0.869327,-0.022869,-0.335445,-0.901022,-0.000280,0.000582,-0.045509,0.806487,-0.000003,0.000003,-0.176328,-0.085456,-0.033682,-0.003701,0.000075,-0.000045,-0.000003,0.000000,-0.000005,0.000002,-0.000003,0.000005
0.961036,-1.160753,-0.401947,-0.153859,-0.184118,0.092556,-0.161336,-1.043646,-0.101568,-0.346053,-1.752441,-0.000229,0.000537,0.168289,1.213563,-0.000006,0.000000,-0.295829,-0.240120,-0.035644,-0.003549,0.000060,-0.000032,-0.000003,0.000004,-0.000002,0.000003,-0.000006,0.000017
1.133307,-1.030995,-0.344404,0.017252,-0.295632,0.019338,-0.360998,-1.119909,-0.109331,-0.331783,-2.064887,-0.000272,0.000392,0.273514,1.571147,-0.000006,-0.000003,-0.389595,-0.264019,-0.031429,-0.003072,0.000063,-0.000006,-0.000002,0.000006,-0.000002,0.000003,0.000000,0.000026
1.174292,-1.058768,-0.298164,0.183572,-0.276930,0.040435,-0.428059,-1.064632,-0.100061,-0.266502,-1.858009,-0.000249,0.000377,0.300347,2.048863,-0.000005,-0.000003,-0.443963,-0.140746,-0.028194,-0.001370,0.000062,-0.000009,-0.000002,0.000004,-0.000002,0.000003,0.000006,0.000032
1.114390,-1.065924,-0.257217,0.294105,-0.137207,0.148603,-0.216212,-0.866839,-0.209897,-0.150480,-1.588299,0.000012,0.000459,0.154990,2.299664,-0.000006,0.000000,-0.576121,-0.083320,-0.031884,0.003397,0.000047,-0.000002,0.000000,0.000002,0.000000,0.000004,-0.000001,0.000036
1.140051,-0.921858,-0.192288,0.285377,0.038632,0.214006,-0.092165,-0.699660,-0.353614,-0.067982,-1.534329,0.000300,0.000451,-0.518883,1.899622,-0.000007,0.000000,-0.639721,-0.132643,-0.029537,0.008013,0.000035,0.000011,0.000003,0.000002,0.000002,0.000003,-0.000010,0.000037
1.195879,-0.784740,-0.127111,0.169896,0.243175,0.269741,-0.177929,-0.586572,-0.463896,-0.022360,-1.502692,0.000571,0.000429,-1.457845,1.046462,-0.000005,0.000000,-0.533933,-0.271926,-0.023989,0.013486,0.000012,0.000008,0.000002,0.000002,0.000002,0.000002,-0.000017,0.000034
1.126642,-0.725189,-0.166480,0.060274,0.367193,0.322392,-0.299336,-0.402697,-0.537811,0.015675,-1.537549,0.000672,0.000460,-2.077459,0.264972,-0.000003,0.000000,-0.324535,-0.458708,-0.021873,0.014772,0.000002,0.000014,0.000003,0.000002,0.000002,0.000002,-0.000018,0.000027
0.978485,-0.590687,-0.256688,0.031701,0.370701,0.313513,-0.352090,-0.241742,-0.553055,0.036294,-1.494598,0.000573,0.000481,-2.162222,-0.110456,-0.000002,-0.000002,-0.107570,-0.576362,-0.017498,0.011642,-0.000002,0.000000,0.000004,0.000002,0.000002,0.000000,-0.000014,0.000020
0.881434,-0.372180,-0.300019,0.097294,0.230352,0.219629,-0.230213,-0.143708,-0.501529,0.062953,-1.202783,0.000445,0.000413,-1.780910,-0.190343,0.000000,-0.000005,-0.048926,-0.555575,-0.009108,0.008456,-0.000012,-0.000014,0.000003,0.000001,0.000002,0.000000,-0.000001,0.000012
0.854931,-0.165333,-0.330789,0.172892,0.034867,0.068247,-0.257435,-0.077971,-0.362278,0.045283,-0.767773,0.000152,0.000194,-1.163355,-0.145902,0.000002,-0.000006,0.047700,-0.404022,-0.001130,0.004997,0.000008,-0.000003,0.000004,0.000000,0.000003,0.000002,0.000005,0.000009
0.881308,-0.041218,-0.320459,0.305892,-0.039092,0.055553,-0.236850,-0.019948,-0.239994,-0.084155,-0.121516,0.000021,0.000073,-0.318299,0.042342,0.000000,-0.000004,0.129041,-0.254009,0.004876,0.001443,0.000015,-0.000008,0.000004,-0.000004,0.000002,0.000003,0.000004,0.000000
0.817930,0.134829,-0.136503,0.285619,-0.014389,0.081575,-0.291867,0.142407,-0.123906,0.011797,0.371784,0.000133,-0.000012,0.507892,0.241219,-0.000003,-0.000003,0.237044,-0.165992,0.017399,0.004632,0.000006,-0.000008,0.000000,-0.000005,0.000002,0.000003,0.000006,-0.000008
0.779853,0.411491,0.093523,0.201643,-0.035975,-0.061584,-0.486023,0.318334,0.084097,0.618407,0.426593,0.000102,-0.000411,0.940288,-0.011270,-0.000002,-0.000005,0.408359,-0.319816,0.035286,0.010200,-0.000006,0.000006,-0.000004,-0.000003,0.000002,0.000003,0.000008,0.000000
0.300611,0.637742,0.239845,0.154107,-0.029986,-0.219971,-0.392692,0.635606,0.353374,1.759267,0.231595,0.000015,-0.000775,1.138521,-0.436929,0.000005,-0.000005,0.349464,-0.511291,0.049286,0.011880,-0.000041,0.000000,-0.000006,-0.000001,0.000000,0.000000,0.000012,0.000003
-1.156269,0.849698,0.389852,-0.229978,0.019625,-0.333367,-0.154027,1.125627,0.649986,3.044236,-0.094768,-0.000105,-0.000906,0.950873,-0.795751,0.000010,-0.000002,0.264303,-0.396715,0.054338,0.013129,-0.000063,-0.000013,-0.000006,0.000000,0.000000,-0.000005,0.000015,-0.000013
-2.490337,1.082802,0.616326,-0.553481,0.013849,-0.387796,-0.034980,1.297604,0.800020,3.600000,-0.270102,-0.000135,-0.000932,0.520220,-1.085955,0.000015,0.000000,0.186052,-0.173803,0.057036,0.010518,-0.000078,-0.000016,-0.000006,0.000001,0.000000,-0.000006,0.000014,-0.000036
-2.856155,1.278045,0.820012,-0.446999,-0.003376,-0.350046,-0.079367,1.102505,0.686561,3.600000,-0.274832,0.000065,-0.000795,0.207625,-1.144283,0.000017,0.000002,0.000407,-0.010754,0.055839,0.006068,-0.000100,-0.000005,-0.000003,0.000003,0.000000,-0.000007,0.000006,-0.000045
-2.682191,1.372734,0.833696,-0.146832,0.079733,-0.259651,-0.205656,0.840664,0.433226,3.600000,-0.215544,0.000229,-0.000639,-0.115710,-1.092335,0.000013,0.000002,-0.190354,0.136428,0.042157,0.003243,-0.000108,0.000040,0.000002,0.000003,0.000000,-0.000006,-0.000009,-0.000044
-2.186755,1.373861,0.747727,0.195173,0.241475,-0.113119,-0.415789,0.586344,0.161726,3.600000,-0.064447,0.000345,-0.000517,-0.277149,-0.950375,0.000008,0.000002,-0.256749,0.155265,0.026515,0.002691,-0.000101,0.000085,0.000004,0.000003,0.000000,-0.000003,-0.000017,-0.000042
-1.423684,1.348673,0.705086,0.440834,0.379440,0.034741,-0.753105,0.352009,-0.027072,3.600000,0.078883,0.000494,-0.000354,-0.264796,-0.754090,0.000003,0.000002,-0.027762,-0.009236,0.019830,0.007560,-0.000093,0.000099,0.000004,0.000003,0.000001,-0.000003,-0.000015,-0.000033
-0.617886,1.247542,0.551928,0.735502,0.401100,0.086343,-0.789646,0.153754,-0.113841,0.955013,0.189138,0.000510,-0.000294,-0.111302,-0.649906,0.000002,-0.000002,0.188637,-0.194798,0.013946,0.011145,-0.000085,0.000106,0.000002,0.000004,0.000003,-0.000002,-0.000012,-0.000010
-0.400428,1.023338,0.286544,0.913374,0.372666,0.087024,-0.392553,0.186427,-0.068680,-2.173696,0.202987,0.000447,-0.000184,0.095488,-0.586824,0.000000,-0.000003,0.125462,-0.125929,0.008061,0.008524,-0.000072,0.000076,0.000000,0.000003,0.000002,0.000002,-0.000008,0.000011
-0.995872,0.787818,0.143213,0.602325,0.360965,0.079786,-0.038967,0.395694,0.107645,-2.679092,0.110396,0.000346,0.000005,0.051434,-0.695161,-0.000002,0.000002,0.174948,0.172328,0.005031,0.005464,-0.000051,0.000024,0.000000,0.000001,0.000000,0.000002,-0.000001,0.000010
-1.318212,0.631375,0.135200,0.308274,0.267296,0.090622,0.256707,0.349423,0.217427,-2.928974,0.130346,0.000272,0.000196,0.192427,-0.808516,-0.000002,0.000005,0.300267,0.518717,0.005276,0.003485,-0.000030,-0.000010,0.000000,0.000000,0.000000,0.000000,0.000001,0.000001
-1.050598,0.582281,0.167203,0.282453,0.177960,0.094210,0.509551,0.228129,0.188490,-3.378591,0.179924,0.000280,0.000384,0.703424,-0.731955,0.000000,0.000005,0.294871,0.767666,0.009865,0.004149,-0.000025,-0.000033,0.000000,-0.000001,0.000000,0.000000,0.000000,0.000004
-0.842466,0.648381,0.159952,0.314803,0.140898,0.041424,0.741548,0.365366,0.135214,-3.474299,0.122841,0.000207,0.000377,1.029736,-0.897576,0.000000,0.000006,0.156358,0.651979,0.012102,0.005958,-0.000032,-0.000028,-0.000002,-0.000002,0.000002,0.000000,-0.000005,0.000010
-0.766708,0.780693,0.167888,0.320757,0.087836,-0.026999,0.873080,0.538305,0.104189,-3.080181,-0.007358,0.000063,0.000231,1.258330,-1.096627,0.000002,0.000004,0.052846,0.342942,0.011769,0.010279,-0.000032,-0.000015,-0.000003,-0.000003,0.000002,0.000002,-0.000013,0.000014
-0.635152,0.901046,0.213163,0.287926,0.017887,-0.054184,0.906691,0.545016,0.064438,-2.556838,-0.151290,-0.000005,0.000133,1.433928,-1.144448,0.000003,0.000005,0.040148,0.026256,0.011596,0.014903,-0.000024,-0.000008,-0.000003,-0.000002,0.000002,0.000002,-0.000013,0.000014
-0.488573,0.949464,0.233694,0.238377,-0.053781,-0.067349,0.809454,0.456355,0.006428,-1.969716,-0.256258,-0.000016,0.000087,1.434834,-1.041098,0.000003,0.000006,0.060324,-0.167976,0.010775,0.015144,-0.000002,0.000008,-0.000005,0.000000,0.000002,0.000002,-0.000009,0.000012
-0.327708,0.813800,0.198956,0.184308,-0.157800,-0.064722,0.605305,0.265650,-0.046765,-1.262721,-0.285791,-0.000045,0.000075,1.309916,-0.710733,0.000003,0.000006,0.107526,-0.112630,0.007048,0.011074,0.000022,0.000006,-0.000004,0.000000,0.000002,0.000003,-0.000006,0.000007
-0.169262,0.573366,0.135292,0.098004,-0.247756,-0.038703,0.381069,0.035828,-0.075547,-0.624400,-0.179607,-0.000069,0.000063,1.112156,-0.230094,0.000000,0.000006,0.158202,0.078153,0.001989,0.004092,0.000038,0.000000,-0.000001,-0.000001,0.000003,0.000003,0.000002,-0.000008
-0.083875,0.302512,0.025156,-0.068955,-0.299569,-0.013487,0.278440,-0.134405,-0.104715,-0.170712,-0.020993,-0.000126,0.000065,0.927592,0.333611,-0.000002,0.000004,0.198509,0.408783,-0.005455,-0.002886,0.000063,0.000010,0.000000,-0.000001,0.000002,0.000001,0.000011,-0.000024
-0.055569,0.057129,-0.029708,-0.236341,-0.345762,-0.018868,0.229936,-0.179743,-0.098955,0.247327,0.185184,-0.000193,0.000018,0.671342,0.601536,-0.000002,0.000003,0.155343,0.630191,-0.007578,-0.006173,0.000082,0.000019,0.000000,-0.000003,0.000002,0.000002,0.000012,-0.000027
-0.033068,-0.030202,-0.071081,-0.364833,-0.380961,-0.059065,0.214520,-0.057540,-0.074520,0.562270,0.395134,-0.000217,-0.000048,0.260821,0.372051,-0.000002,0.000000,0.036621,0.442903,-0.009315,-0.008865,0.000081,0.000028,0.000003,-0.000006,0.000002,0.000003,0.000000,-0.000018
-0.029791,-0.087647,-0.129475,-0.514593,-0.419056,-0.111700,0.246955,0.102696,-0.033115,0.677756,0.600263,-0.000213,-0.000070,-0.092470,0.078424,0.000000,-0.000003,-0.040541,0.117308,-0.015775,-0.012931,0.000055,0.000019,0.000004,-0.000006,0.000000,0.000002,-0.000022,-0.000004
0.024987,-0.187022,-0.131882,-0.671300,-0.437309,-0.161382,0.190998,0.180425,0.035020,0.597488,0.918681,-0.000253,-0.000089,-0.298446,-0.000188,0.000000,-0.000004,-0.093650,-0.044598,-0.019908,-0.012873,0.000037,0.000003,0.000004,-0.000006,-0.000002,0.000000,-0.000033,0.000007
0.241890,-0.276082,-0.136792,-0.809854,-0.387482,-0.205676,-0.010705,0.156944,0.082389,0.369090,1.423928,-0.000391,-0.000072,-0.514578,0.063661,0.000000,-0.000006,-0.077854,-0.083043,-0.022299,-0.010862,0.000045,0.000005,0.000004,-0.000006,-0.000003,-0.000002,-0.000023,0.000013
0.573737,-0.490855,-0.146967,-0.809053,-0.325896,-0.200289,-0.240596,-0.052200,0.124067,0.138947,2.066593,-0.000540,-0.000054,-0.794541,0.128962,0.000000,-0.000006,0.002855,0.005071,-0.022930,-0.009224,0.000045,0.000002,0.000005,-0.000005,-0.000003,-0.000003,-0.000006,0.000009
0.916307,-0.827275,-0.204287,-0.658578,-0.170430,-0.156094,-0.323824,-0.336375,0.156607,-0.130147,2.654581,-0.000617,-0.000100,-1.075508,0.250529,0.000000,-0.000005,0.014688,0.142627,-0.021897,-0.008966,0.000031,-0.000002,0.000004,-0.000003,-0.000003,-0.000004,0.000017,-0.000001
1.133260,-1.212849,-0.347079,-0.508441,0.096421,-0.099755,-0.232626,-0.452424,0.161129,-0.354790,2.861472,-0.000660,-0.000096,-1.175263,0.382529,0.000000,-0.000002,0.010316,0.244782,-0.020306,-0.011502,0.000028,-0.000006,0.000000,-0.000001,-0.000003,-0.000004,0.000039,-0.000014
1.190120,-1.504728,-0.471566,-0.371822,0.286091,-0.039341,-0.063288,-0.508236,0.146755,-0.394308,2.577404,-0.000702,-0.000027,-1.158544,0.244335,-0.000001,0.000000,0.009887,0.285098,-0.018873,-0.009861,0.000050,-0.000013,-0.000001,0.000000,-0.000002,-0.000003,0.000044,-0.000015
1.106396,-1.718398,-0.585763,-0.307141,0.280680,-0.011417,0.088802,-0.655394,0.174204,-0.350548,1.989371,-0.000748,0.000045,-0.988970,0.150685,-0.000001,-0.000002,0.057307,0.281900,-0.020217,-0.008245,0.000069,-0.000024,-0.000002,0.000000,-0.000002,-0.000002,0.000031,-0.000010
1.013294,-1.841458,-0.671360,-0.254169,0.187118,0.101312,0.158797,-0.797615,0.119160,-0.310055,0.966941,-0.000652,0.000296,-0.714768,0.274888,-0.000003,-0.000002,0.044421,0.158821,-0.026973,-0.010935,0.000076,-0.000045,-0.000003,0.000000,-0.000002,0.000002,0.000010,-0.000010
1.004942,-1.776688,-0.633339,-0.136919,0.102752,0.278074,0.090160,-0.910059,-0.089501,-0.282384,-0.239892,-0.000383,0.000706,-0.393788,0.629376,-0.000008,0.000000,-0.147169,-0.049444,-0.036780,-0.005378,0.000092,-0.000065,-0.000003,-0.000002,-0.000001,0.000003,-0.000009,0.000001
1.038124,-1.604134,-0.526850,-0.038503,-0.003493,0.381348,-0.090911,-0.955427,-0.295790,-0.249356,-1.091340,-0.000047,0.001067,-0.129367,1.057647,-0.000011,-0.000002,-0.371027,-0.222595,-0.045168,0.004811,0.000095,-0.000075,-0.000002,-0.000002,-0.000003,0.000004,-0.000015,0.000019
1.101014,-1.405484,-0.393311,0.108461,-0.084484,0.440388,-0.273957,-0.925432,-0.422885,-0.174223,-1.574448,0.000365,0.001239,-0.075734,1.377221,-0.000012,-0.000003,-0.518035,-0.369551,-0.046839,0.007803,0.000057,-0.000078,0.000000,-0.000002,-0.000002,0.000004,-0.000015,0.000033
1.127280,-1.294124,-0.281242,0.226630,-0.081281,0.442055,-0.347170,-0.769091,-0.442993,-0.112363,-1.700351,0.000696,0.001231,-0.120645,1.656414,-0.000010,-0.000001,-0.615180,-0.527711,-0.038688,0.007191,0.000008,-0.000082,0.000000,-0.000002,-0.000002,0.000003,-0.000009,0.000039
1.077800,-1.189837,-0.235911,0.230699,-0.027527,0.361746,-0.264045,-0.535110,-0.367282,-0.072011,-1.663356,0.000817,0.001110,-0.259148,1.777500,-0.000009,0.000001,-0.672208,-0.568674,-0.027055,0.005619,-0.000025,-0.000090,0.000000,0.000000,-0.000003,0.000003,0.000001,0.000036
1.071377,-1.021236,-0.238704,0.137686,0.004407,0.226237,-0.276150,-0.436656,-0.252849,-0.044596,-1.749532,0.000659,0.000785,-0.686574,1.599610,-0.000007,0.000001,-0.562824,-0.511188,-0.018166,0.002921,-0.000030,-0.000078,0.000000,0.000002,-0.000002,0.000002,0.000006,0.000035
1.098058,-0.918078,-0.250748,0.022284,-0.016599,0.074527,-0.468138,-0.428827,-0.086166,-0.008507,-1.757343,0.000294,0.000346,-1.234846,1.166623,-0.000003,0.000000,-0.322794,-0.432228,-0.009378,-0.000815,-0.000021,-0.000055,0.000002,0.000002,-0.000002,0.000000,0.000008,0.000028
1.116310,-0.776197,-0.274759,0.065688,-0.032176,0.035518,-0.413867,-0.454982,-0.053909,0.017135,-1.811642,0.000051,0.000138,-1.652530,0.679015,0.000002,-0.000001,-0.244418,-0.283949,-0.007329,-0.003672,-0.000006,-0.000028,0.000003,0.000002,-0.000003,0.000000,0.000008,0.000018
1.069593,-0.554484,-0.281884,0.144470,-0.014588,0.044575,-0.190980,-0.512986,-0.137745,0.009860,-1.780010,-0.000009,0.000104,-1.683240,0.381281,0.000002,-0.000001,-0.277720,-0.213630,-0.008599,-0.003339,0.000002,0.000000,0.000003,0.000002,-0.000002,0.000002,0.000005,0.000015
0.928216,-0.363351,-0.258298,0.167064,-0.019229,0.011047,-0.032166,-0.414104,-0.140973,-0.024366,-1.407767,0.000030,0.000109,-1.311065,0.306824,0.000002,-0.000002,-0.265693,-0.142067,-0.002443,-0.002281,-0.000014,-0.000004,0.000003,0.000000,0.000000,0.000002,0.000001,0.000017
0.832365,-0.189915,-0.241225,0.241700,-0.066573,0.005020,0.047808,-0.222067,-0.099405,-0.039362,-0.889657,0.000196,0.000204,-0.710687,0.430713,0.000002,-0.000003,-0.174251,-0.023145,0.007372,-0.004366,-0.000032,-0.000027,0.000003,-0.000002,0.000000,0.000002,-0.000003,0.000019
0.834392,0.012833,-0.191610,0.314503,-0.058094,0.032646,0.077239,-0.023911,-0.077729,-0.133995,-0.253123,0.000414,0.000346,0.157776,0.477384,0.000000,-0.000003,-0.042106,-0.027223,0.016438,-0.001225,-0.000052,-0.000056,0.000003,-0.000005,0.000002,0.000003,-0.000009,0.000019
0.738180,0.305531,-0.098038,0.302547,-0.019019,0.003807,-0.006001,0.231132,-0.025081,0.051189,0.214370,0.000465,0.000366,0.950232,0.333226,0.000000,-0.000003,0.199499,-0.108607,0.023493,0.007846,-0.000047,-0.000073,0.000002,-0.000006,0.000003,0.000003,-0.000012,0.000014
0.433698,0.550157,0.057719,0.241899,-0.075417,-0.129850,-0.222938,0.460922,0.164946,1.027391,0.301167,0.000282,0.000041,1.295385,0.056616,0.000001,-0.000003,0.431685,-0.287558,0.034428,0.011646,-0.000025,-0.000063,-0.000002,-0.000004,0.000002,0.000002,-0.000009,0.000010
-0.173242,0.689420,0.216476,0.169144,-0.081732,-0.248194,-0.190358,0.667960,0.408513,2.247539,0.171966,0.000005,-0.000327,1.276921,-0.211580,0.000003,-0.000002,0.382235,-0.261715,0.045139,0.010212,-0.000016,-0.000044,-0.000004,-0.000003,0.000002,0.000000,-0.000001,0.000004
-1.164751,0.863453,0.380335,-0.020680,0.006622,-0.304953,0.032963,0.854451,0.586456,3.195685,-0.039746,-0.000202,-0.000597,0.950706,-0.422132,0.000006,0.000000,0.229551,0.019881,0.047624,0.007073,0.000002,-0.000014,-0.000004,-0.000001,0.000003,0.000000,0.000006,-0.000009
-1.975599,1.073441,0.616938,-0.199436,0.116905,-0.327838,0.020267,0.879184,0.653186,3.600000,-0.171540,-0.000224,-0.000880,0.565014,-0.678493,0.000011,0.000003,0.102672,0.148423,0.050709,0.002046,-0.000005,0.000027,-0.000003,0.000000,0.000002,-0.000003,0.000014,-0.000026
-2.309147,1.218874,0.773339,-0.170545,0.214128,-0.288189,-0.135364,0.745044,0.581531,3.600000,-0.190657,-0.000142,-0.000995,0.316141,-0.688429,0.000012,0.000006,-0.028001,0.275488,0.053127,-0.004137,-0.000025,0.000055,-0.000002,0.000003,0.000002,-0.000005,0.000020,-0.000039
-2.207678,1.267519,0.763742,0.057435,0.251566,-0.203597,-0.308127,0.569767,0.377909,3.600000,-0.133987,0.000069,-0.000945,0.011593,-0.696908,0.000012,0.000005,-0.204065,0.326793,0.048652,-0.013197,-0.000046,0.000074,0.000000,0.000004,0.000002,-0.000003,0.000016,-0.000040
-1.745158,1.320315,0.663260,0.309250,0.341512,-0.079898,-0.461497,0.355854,0.073758,2.802046,-0.035484,0.000352,-0.000813,-0.149841,-0.903422,0.000009,0.000002,-0.282372,0.124638,0.035357,-0.018121,-0.000077,0.000077,0.000003,0.000004,0.000001,-0.000003,0.000003,-0.000039
-1.318479,1.317447,0.536463,0.412294,0.394273,0.007281,-0.608663,0.201441,-0.187941,0.918955,0.006458,0.000451,-0.000672,-0.133351,-1.036055,0.000006,0.000000,-0.117571,-0.115352,0.018350,-0.012881,-0.000071,0.000081,0.000004,0.000004,0.000001,-0.000002,-0.000006,-0.000039
-1.121050,1.104137,0.441595,0.457379,0.275830,0.009153,-0.562270,0.088273,-0.245351,-0.599802,0.068575,0.000431,-0.000625,-0.048497,-0.989460,0.000004,-0.000002,-0.017099,-0.184231,0.011368,-0.006987,-0.000051,0.000082,0.000001,0.000003,0.000000,0.000000,-0.000008,-0.000033
-1.166625,0.751113,0.300814,0.365851,0.177358,0.036210,-0.221730,0.022148,-0.148999,-1.583883,0.107973,0.000318,-0.000480,0.041679,-0.793179,0.000003,-0.000002,0.005902,0.010309,0.005872,-0.001720,-0.000039,0.000042,0.000002,0.000003,0.000000,0.000000,-0.000008,-0.000027
-1.353545,0.538236,0.207605,0.110295,0.182237,0.087980,0.017937,0.147670,-0.021395,-2.312015,0.091157,0.000159,-0.000287,0.012914,-0.736445,0.000005,0.000000,0.205013,0.193501,-0.000387,0.006019,-0.000008,0.000003,0.000003,0.000001,0.000000,-0.000002,-0.000009,-0.000022
-1.241708,0.557644,0.278097,0.049082,0.223174,0.126324,0.072612,0.286017,0.060728,-2.657793,0.129528,0.000146,-0.000186,0.037522,-0.874656,0.000005,0.000002,0.457927,0.194536,0.004818,0.011228,-0.000006,-0.000008,0.000003,0.000000,0.000000,-0.000002,-0.000005,-0.000015
-0.909852,0.714759,0.289693,0.163138,0.256458,0.139100,0.201271,0.420130,0.080876,-2.906120,0.143164,0.000125,-0.000099,0.214562,-1.047921,0.000002,0.000004,0.643579,0.115249,0.010346,0.011819,-0.000025,0.000003,0.000000,0.000002,0.000002,0.000000,0.000003,-0.000006
-0.700718,0.894005,0.229524,0.247588,0.230322,0.086710,0.479498,0.654713,0.077338,-2.891396,0.073915,0.000096,-0.000074,0.554152,-1.294501,0.000000,0.000003,0.601619,-0.007441,0.011521,0.009723,-0.000044,0.000022,-0.000003,0.000002,0.000002,-0.000002,0.000003,0.000006
-0.635044,0.994388,0.164148,0.255177,0.157125,0.010369,0.798775,0.809113,0.082537,-2.576571,-0.060372,0.000073,-0.000048,1.096065,-1.362756,0.000000,0.000002,0.399027,-0.110924,0.013881,0.004155,-0.000059,0.000022,-0.000003,0.000002,0.000002,-0.000002,0.000000,0.000015
-0.652010,1.051597,0.091403,0.203619,0.073394,-0.037605,1.046657,0.860356,0.052123,-2.211517,-0.247607,0.000014,-0.000028,1.525421,-1.288289,-0.000002,0.000003,0.164192,-0.191183,0.012838,-0.001280,-0.000052,0.000033,-0.000003,0.000004,0.000002,0.000000,-0.000005,0.000021
-0.641318,1.035462,0.073236,0.164720,-0.012239,-0.059126,1.027392,0.847602,0.000911,-1.811268,-0.370469,0.000011,-0.000047,1.686270,-1.166162,-0.000002,0.000005,-0.002207,-0.243619,0.012490,-0.003666,-0.000043,0.000049,-0.000003,0.000004,0.000002,0.000002,-0.000003,0.000021
-0.531238,0.909033,0.042431,0.051732,-0.074401,-0.055149,0.797903,0.736879,-0.057221,-1.328625,-0.405258,0.000007,-0.000066,1.589893,-0.924916,0.000000,0.000003,-0.016766,-0.254624,0.011304,-0.007665,-0.000033,0.000043,-0.000003,0.000002,0.000002,0.000002,-0.000001,0.000014
-0.327679,0.762358,0.017209,-0.033798,-0.147477,-0.041784,0.567584,0.434050,-0.118636,-0.864501,-0.346223,-0.000027,-0.000075,1.293068,-0.559106,0.000000,0.000002,0.040781,-0.044199,0.008171,-0.010092,-0.000024,0.000025,-0.000002,0.000000,0.000002,0.000002,-0.000001,0.000008
-0.070515,0.611597,0.037789,-0.021545,-0.234894,-0.031352,0.331639,0.016890,-0.165483,-0.384662,-0.172444,-0.000028,-0.000108,0.825143,-0.186799,0.000002,0.000003,0.134727,0.270192,0.007422,-0.011655,-0.000022,0.000021,0.000000,0.000000,0.000002,0.000003,0.000001,0.000001
0.204756,0.460834,0.008340,-0.057961,-0.288185,-0.029479,0.128492,-0.276603,-0.214084,-0.019675,0.088859,-0.000059,-0.000114,0.241025,0.088077,0.000002,0.000002,0.203859,0.448225,0.001749,-0.011441,0.000000,0.000033,0.000000,-0.000002,0.000000,0.000003,-0.000001,-0.000004
0.382503,0.310752,-0.034662,-0.161407,-0.339741,-0.055048,0.024167,-0.403801,-0.260136,0.243867,0.295533,-0.000133,-0.000048,-0.179633,0.253588,0.000000,0.000000,0.162589,0.548459,-0.009249,-0.003492,0.000028,0.000030,0.000002,-0.000003,0.000000,0.000003,-0.000013,-0.000006
0.400133,0.042213,-0.094410,-0.261144,-0.388745,-0.100395,0.013570,-0.342101,-0.234638,0.477620,0.538823,-0.000242,0.000082,-0.353291,0.311299,-0.000002,0.000002,0.036337,0.548023,-0.015338,0.002913,0.000048,-0.000009,0.000002,-0.000003,0.000000,0.000000,-0.000012,-0.000011
0.301032,-0.211139,-0.153438,-0.373890,-0.407836,-0.144192,0.065308,-0.132684,-0.119873,0.593150,0.891365,-0.000335,0.000201,-0.452952,0.259396,-0.000003,0.000002,-0.054403,0.405563,-0.013578,0.003867,0.000062,-0.000063,0.000002,-0.000003,0.000000,-0.000003,0.000004,-0.000006
0.252902,-0.422006,-0.182229,-0.511411,-0.381882,-0.172487,0.006793,0.058522,-0.006687,0.587092,1.384781,-0.000391,0.000204,-0.627561,0.134198,-0.000003,0.000001,-0.064652,0.205455,-0.009237,0.001871,0.000055,-0.000084,0.000002,-0.000004,-0.000002,-0.000003,0.000019,0.000008
0.344903,-0.729729,-0.237402,-0.627724,-0.327347,-0.174021,-0.060083,0.055347,0.102810,0.507254,2.008322,-0.000435,0.000206,-0.776141,0.123996,-0.000003,0.000001,-0.075225,0.119926,-0.005345,-0.004724,0.000042,-0.000092,0.000000,-0.000006,-0.000003,-0.000003,0.000030,0.000012
0.539702,-1.041367,-0.296114,-0.615996,-0.302870,-0.171356,-0.029892,-0.245431,0.193223,0.344130,2.460169,-0.000467,0.000192,-0.833360,0.181383,0.000000,0.000002,-0.115057,0.211235,-0.003730,-0.010763,0.000024,-0.000106,0.000000,-0.000006,-0.000003,-0.000004,0.000039,0.000009
0.774020,-1.294724,-0.333156,-0.507922,-0.269471,-0.162644,0.034157,-0.619751,0.197449,0.115085,2.517671,-0.000467,0.000119,-0.867926,0.241649,0.000002,0.000002,-0.133709,0.376414,-0.003681,-0.012972,0.000015,-0.000087,0.000000,-0.000004,-0.000003,-0.000004,0.000039,0.000009
1.000788,-1.397604,-0.386175,-0.418881,-0.145727,-0.114823,0.160137,-0.844760,0.122242,-0.137041,2.128292,-0.000417,0.000131,-0.830066,0.390709,0.000000,0.000000,-0.124886,0.488690,-0.005860,-0.013968,0.000021,-0.000060,-0.000002,-0.000002,-0.000003,-0.000003,0.000024,0.000011
1.199594,-1.420830,-0.463386,-0.326667,0.008973,-0.052374,0.180871,-0.904165,-0.004291,-0.352233,1.227164,-0.000363,0.000220,-0.798623,0.423883,0.000000,0.000000,-0.158494,0.387209,-0.014204,-0.012327,0.000022,-0.000046,-0.000002,0.000000,-0.000003,0.000000,0.000009,0.000001
1.228479,-1.529107,-0.509433,-0.222002,0.067473,0.012836,0.137318,-0.908066,-0.104737,-0.416880,0.143334,-0.000351,0.000303,-0.650018,0.571062,-0.000003,0.000000,-0.257327,0.277141,-0.025162,-0.005012,0.000033,-0.000038,-0.000003,0.000002,-0.000003,0.000002,0.000010,-0.000009
1.080889,-1.541921,-0.483873,-0.165121,0.027194,0.071011,0.130552,-0.964255,-0.140922,-0.413564,-0.804127,-0.000293,0.000339,-0.327782,0.950035,-0.000006,0.000000,-0.296178,0.240294,-0.029481,-0.000125,0.000045,-0.000035,-0.000004,0.000003,-0.000002,0.000002,0.000017,-0.000006
0.962080,-1.451773,-0.435197,-0.148257,-0.033926,0.115143,-0.013409,-1.021452,-0.168257,-0.391441,-1.376620,-0.000241,0.000316,-0.077515,1.248569,-0.000007,0.000000,-0.281060,0.115549,-0.032339,0.001455,0.000050,-0.000019,-0.000003,0.000003,0.000000,0.000003,0.000015,0.000003
0.974823,-1.528609,-0.407653,-0.116612,-0.165238,0.096858,-0.281691,-0.934622,-0.086616,-0.315704,-1.440311,-0.000285,0.000212,0.105964,1.544091,-0.000006,-0.000003,-0.332383,-0.079035,-0.036761,0.003472,0.000045,-0.000014,0.000000,0.000003,-0.000002,0.000003,0.000008,0.000010
1.091450,-1.584528,-0.374957,0.024332,-0.184573,0.096112,-0.339830,-0.738202,-0.031693,-0.192190,-1.293363,-0.000242,0.000149,0.154178,1.827688,-0.000003,-0.000004,-0.506053,-0.300646,-0.037199,0.004553,0.000040,-0.000019,0.000002,0.000003,-0.000002,0.000003,-0.000005,0.000019
1.133384,-1.394841,-0.309964,0.191106,0.014518,0.185276,-0.157133,-0.495793,-0.120386,-0.049316,-1.159798,-0.000018,0.000303,0.061396,2.086644,-0.000005,-0.000002,-0.599574,-0.324572,-0.033297,0.008666,0.000045,-0.000030,0.000000,0.000003,0.000002,0.000003,-0.000010,0.000027
1.116235,-1.033385,-0.261279,0.166053,0.222474,0.249827,-0.093538,-0.279460,-0.252546,0.022439,-1.228365,0.000291,0.000506,-0.307005,1.839474,-0.000005,-0.000002,-0.460108,-0.416895,-0.028213,0.009772,0.000035,-0.000041,0.000001,0.000003,0.000002,0.000002,-0.000018,0.000028
1.171743,-0.724156,-0.273161,0.044449,0.396654,0.278228,-0.248777,-0.156295,-0.383780,0.053710,-1.449896,0.000529,0.000649,-1.083290,1.031509,-0.000003,-0.000003,-0.280801,-0.696333,-0.024021,0.005961,0.000017,-0.000040,0.000001,0.000003,0.000000,0.000000,-0.000021,0.000024
1.183951,-0.497014,-0.271654,-0.018848,0.478764,0.311052,-0.350968,-0.232894,-0.499483,0.079781,-1.626597,0.000672,0.000758,-1.758310,0.405196,-0.000006,-0.000002,-0.133134,-0.793044,-0.019945,0.005871,0.000014,-0.000027,0.000000,0.000003,0.000000,0.000000,-0.000015,0.000018
1.142994,-0.337184,-0.270098,-0.039148,0.385328,0.288589,-0.366497,-0.450529,-0.535374,0.085613,-1.548358,0.000605,0.000707,-1.920377,0.079317,-0.000007,-0.000002,0.000196,-0.773780,-0.014700,0.006541,0.000018,-0.000014,0.000002,0.000002,0.000000,0.000000,-0.000009,0.000017
1.116020,-0.377549,-0.326896,-0.037050,0.090495,0.161904,-0.404650,-0.669528,-0.410857,0.081588,-1.179862,0.000240,0.000447,-1.621484,-0.117108,-0.000005,-0.000003,0.078544,-0.723001,-0.007731,0.003545,0.000024,-0.000002,0.000002,-0.000002,-0.000002,0.000000,0.000001,0.000017
1.081124,-0.555867,-0.417656,-0.009242,-0.369341,-0.037301,-0.431365,-0.946491,-0.176233,0.065272,-0.584093,-0.000353,0.000027,-0.939850,-0.168394,-0.000003,-0.000003,0.119448,-0.610658,0.000507,-0.001078,0.000036,0.000012,0.000002,-0.000003,-0.000002,0.000002,0.000018,0.000018
1.061696,-0.679513,-0.471527,0.011089,-0.640509,-0.155034,-0.441864,-1.099463,-0.031395,0.054042,-0.229390,-0.000705,-0.000222,-0.503347,-0.157751,-0.000003,-0.000003,0.130539,-0.539094,0.004944,-0.003795,0.000042,0.000018,0.000003,-0.000003,0.000000,0.000003,0.000027,0.000021
